numero,pixel0,pixel1,pixel2,pixel3,pixel4,pixel5,pixel6,pixel7,pixel8,pixel9,pixel10,pixel11,pixel12,pixel13,pixel14,pixel15,pixel16,pixel17,pixel18,pixel19,pixel20,pixel21,pixel22,pixel23,pixel24,pixel25,pixel26,pixel27,pixel28,pixel29,pixel30,pixel31,pixel32,pixel33,pixel34,pixel35,pixel36,pixel37,pixel38,pixel39,pixel40,pixel41,pixel42,pixel43,pixel44,pixel45,pixel46,pixel47,pixel48,pixel49,pixel50,pixel51,pixel52,pixel53,pixel54,pixel55,pixel56,pixel57,pixel58,pixel59,pixel60,pixel61,pixel62,pixel63,pixel64,pixel65,pixel66,pixel67,pixel68,pixel69,pixel70,pixel71,pixel72,pixel73,pixel74,pixel75,pixel76,pixel77,pixel78,pixel79,pixel80,pixel81,pixel82,pixel83,pixel84,pixel85,pixel86,pixel87,pixel88,pixel89,pixel90,pixel91,pixel92,pixel93,pixel94,pixel95,pixel96,pixel97,pixel98,pixel99,pixel100,pixel101,pixel102,pixel103,pixel104,pixel105,pixel106,pixel107,pixel108,pixel109,pixel110,pixel111,pixel112,pixel113,pixel114,pixel115,pixel116,pixel117,pixel118,pixel119,pixel120,pixel121,pixel122,pixel123,pixel124,pixel125,pixel126,pixel127,pixel128,pixel129,pixel130,pixel131,pixel132,pixel133,pixel134,pixel135,pixel136,pixel137,pixel138,pixel139,pixel140,pixel141,pixel142,pixel143,pixel144,pixel145,pixel146,pixel147,pixel148,pixel149,pixel150,pixel151,pixel152,pixel153,pixel154,pixel155,pixel156,pixel157,pixel158,pixel159,pixel160,pixel161,pixel162,pixel163,pixel164,pixel165,pixel166,pixel167,pixel168,pixel169,pixel170,pixel171,pixel172,pixel173,pixel174,pixel175,pixel176,pixel177,pixel178,pixel179,pixel180,pixel181,pixel182,pixel183,pixel184,pixel185,pixel186,pixel187,pixel188,pixel189,pixel190,pixel191,pixel192,pixel193,pixel194,pixel195,pixel196,pixel197,pixel198,pixel199,pixel200,pixel201,pixel202,pixel203,pixel204,pixel205,pixel206,pixel207,pixel208,pixel209,pixel210,pixel211,pixel212,pixel213,pixel214,pixel215,pixel216,pixel217,pixel218,pixel219,pixel220,pixel221,pixel222,pixel223,pixel224,pixel225,pixel226,pixel227,pixel228,pixel229,pixel230,pixel231,pixel232,pixel233,pixel234,pixel235,pixel236,pixel237,pixel238,pixel239,pixel240,pixel241,pixel242,pixel243,pixel244,pixel245,pixel246,pixel247,pixel248,pixel249,pixel250,pixel251,pixel252,pixel253,pixel254,pixel255,pixel256,pixel257,pixel258,pixel259,pixel260,pixel261,pixel262,pixel263,pixel264,pixel265,pixel266,pixel267,pixel268,pixel269,pixel270,pixel271,pixel272,pixel273,pixel274,pixel275,pixel276,pixel277,pixel278,pixel279,pixel280,pixel281,pixel282,pixel283,pixel284,pixel285,pixel286,pixel287,pixel288,pixel289,pixel290,pixel291,pixel292,pixel293,pixel294,pixel295,pixel296,pixel297,pixel298,pixel299,pixel300,pixel301,pixel302,pixel303,pixel304,pixel305,pixel306,pixel307,pixel308,pixel309,pixel310,pixel311,pixel312,pixel313,pixel314,pixel315,pixel316,pixel317,pixel318,pixel319,pixel320,pixel321,pixel322,pixel323,pixel324,pixel325,pixel326,pixel327,pixel328,pixel329,pixel330,pixel331,pixel332,pixel333,pixel334,pixel335,pixel336,pixel337,pixel338,pixel339,pixel340,pixel341,pixel342,pixel343,pixel344,pixel345,pixel346,pixel347,pixel348,pixel349,pixel350,pixel351,pixel352,pixel353,pixel354,pixel355,pixel356,pixel357,pixel358,pixel359,pixel360,pixel361,pixel362,pixel363,pixel364,pixel365,pixel366,pixel367,pixel368,pixel369,pixel370,pixel371,pixel372,pixel373,pixel374,pixel375,pixel376,pixel377,pixel378,pixel379,pixel380,pixel381,pixel382,pixel383,pixel384,pixel385,pixel386,pixel387,pixel388,pixel389,pixel390,pixel391,pixel392,pixel393,pixel394,pixel395,pixel396,pixel397,pixel398,pixel399,pixel400,pixel401,pixel402,pixel403,pixel404,pixel405,pixel406,pixel407,pixel408,pixel409,pixel410,pixel411,pixel412,pixel413,pixel414,pixel415,pixel416,pixel417,pixel418,pixel419,pixel420,pixel421,pixel422,pixel423,pixel424,pixel425,pixel426,pixel427,pixel428,pixel429,pixel430,pixel431,pixel432,pixel433,pixel434,pixel435,pixel436,pixel437,pixel438,pixel439,pixel440,pixel441,pixel442,pixel443,pixel444,pixel445,pixel446,pixel447,pixel448,pixel449,pixel450,pixel451,pixel452,pixel453,pixel454,pixel455,pixel456,pixel457,pixel458,pixel459,pixel460,pixel461,pixel462,pixel463,pixel464,pixel465,pixel466,pixel467,pixel468,pixel469,pixel470,pixel471,pixel472,pixel473,pixel474,pixel475,pixel476,pixel477,pixel478,pixel479,pixel480,pixel481,pixel482,pixel483,pixel484,pixel485,pixel486,pixel487,pixel488,pixel489,pixel490,pixel491,pixel492,pixel493,pixel494,pixel495,pixel496,pixel497,pixel498,pixel499,pixel500,pixel501,pixel502,pixel503,pixel504,pixel505,pixel506,pixel507,pixel508,pixel509,pixel510,pixel511,pixel512,pixel513,pixel514,pixel515,pixel516,pixel517,pixel518,pixel519,pixel520,pixel521,pixel522,pixel523,pixel524,pixel525,pixel526,pixel527,pixel528,pixel529,pixel530,pixel531,pixel532,pixel533,pixel534,pixel535,pixel536,pixel537,pixel538,pixel539,pixel540,pixel541,pixel542,pixel543,pixel544,pixel545,pixel546,pixel547,pixel548,pixel549,pixel550,pixel551,pixel552,pixel553,pixel554,pixel555,pixel556,pixel557,pixel558,pixel559,pixel560,pixel561,pixel562,pixel563,pixel564,pixel565,pixel566,pixel567,pixel568,pixel569,pixel570,pixel571,pixel572,pixel573,pixel574,pixel575,pixel576,pixel577,pixel578,pixel579,pixel580,pixel581,pixel582,pixel583,pixel584,pixel585,pixel586,pixel587,pixel588,pixel589,pixel590,pixel591,pixel592,pixel593,pixel594,pixel595,pixel596,pixel597,pixel598,pixel599,pixel600,pixel601,pixel602,pixel603,pixel604,pixel605,pixel606,pixel607,pixel608,pixel609,pixel610,pixel611,pixel612,pixel613,pixel614,pixel615,pixel616,pixel617,pixel618,pixel619,pixel620,pixel621,pixel622,pixel623,pixel624,pixel625,pixel626,pixel627,pixel628,pixel629,pixel630,pixel631,pixel632,pixel633,pixel634,pixel635,pixel636,pixel637,pixel638,pixel639,pixel640,pixel641,pixel642,pixel643,pixel644,pixel645,pixel646,pixel647,pixel648,pixel649,pixel650,pixel651,pixel652,pixel653,pixel654,pixel655,pixel656,pixel657,pixel658,pixel659,pixel660,pixel661,pixel662,pixel663,pixel664,pixel665,pixel666,pixel667,pixel668,pixel669,pixel670,pixel671,pixel672,pixel673,pixel674,pixel675,pixel676,pixel677,pixel678,pixel679,pixel680,pixel681,pixel682,pixel683,pixel684,pixel685,pixel686,pixel687,pixel688,pixel689,pixel690,pixel691,pixel692,pixel693,pixel694,pixel695,pixel696,pixel697,pixel698,pixel699,pixel700,pixel701,pixel702,pixel703,pixel704,pixel705,pixel706,pixel707,pixel708,pixel709,pixel710,pixel711,pixel712,pixel713,pixel714,pixel715,pixel716,pixel717,pixel718,pixel719,pixel720,pixel721,pixel722,pixel723,pixel724,pixel725,pixel726,pixel727,pixel728,pixel729,pixel730,pixel731,pixel732,pixel733,pixel734,pixel735,pixel736,pixel737,pixel738,pixel739,pixel740,pixel741,pixel742,pixel743,pixel744,pixel745,pixel746,pixel747,pixel748,pixel749,pixel750,pixel751,pixel752,pixel753,pixel754,pixel755,pixel756,pixel757,pixel758,pixel759,pixel760,pixel761,pixel762,pixel763,pixel764,pixel765,pixel766,pixel767,pixel768,pixel769,pixel770,pixel771,pixel772,pixel773,pixel774,pixel775,pixel776,pixel777,pixel778,pixel779,pixel780,pixel781,pixel782,pixel783
1,0,0,0,0,0,0,0,0,0,0,0,0,0,0,0,0,0,0,0,0,0,0,0,0,0,0,0,0,0,0,0,0,0,0,0,0,0,0,0,0,0,0,0,0,0,0,0,0,0,0,0,0,0,0,0,0,0,0,0,0,0,0,0,0,0,0,0,0,0,0,0,0,0,0,0,0,0,0,0,0,0,0,0,0,0,0,0,0,0,0,0,0,0,0,0,0,0,0,0,0,0,0,0,0,0,0,0,0,0,0,0,0,0,0,0,0,0,0,0,0,0,0,0,0,0,0,0,0,0,0,0,0,188,255,94,0,0,0,0,0,0,0,0,0,0,0,0,0,0,0,0,0,0,0,0,0,0,0,0,191,250,253,93,0,0,0,0,0,0,0,0,0,0,0,0,0,0,0,0,0,0,0,0,0,0,0,123,248,253,167,10,0,0,0,0,0,0,0,0,0,0,0,0,0,0,0,0,0,0,0,0,0,0,80,247,253,208,13,0,0,0,0,0,0,0,0,0,0,0,0,0,0,0,0,0,0,0,0,0,0,29,207,253,235,77,0,0,0,0,0,0,0,0,0,0,0,0,0,0,0,0,0,0,0,0,0,0,54,209,253,253,88,0,0,0,0,0,0,0,0,0,0,0,0,0,0,0,0,0,0,0,0,0,0,93,254,253,238,170,17,0,0,0,0,0,0,0,0,0,0,0,0,0,0,0,0,0,0,0,0,0,23,210,254,253,159,0,0,0,0,0,0,0,0,0,0,0,0,0,0,0,0,0,0,0,0,0,0,16,209,253,254,240,81,0,0,0,0,0,0,0,0,0,0,0,0,0,0,0,0,0,0,0,0,0,0,27,253,253,254,13,0,0,0,0,0,0,0,0,0,0,0,0,0,0,0,0,0,0,0,0,0,0,20,206,254,254,198,7,0,0,0,0,0,0,0,0,0,0,0,0,0,0,0,0,0,0,0,0,0,0,168,253,253,196,7,0,0,0,0,0,0,0,0,0,0,0,0,0,0,0,0,0,0,0,0,0,0,20,203,253,248,76,0,0,0,0,0,0,0,0,0,0,0,0,0,0,0,0,0,0,0,0,0,0,22,188,253,245,93,0,0,0,0,0,0,0,0,0,0,0,0,0,0,0,0,0,0,0,0,0,0,0,103,253,253,191,0,0,0,0,0,0,0,0,0,0,0,0,0,0,0,0,0,0,0,0,0,0,0,89,240,253,195,25,0,0,0,0,0,0,0,0,0,0,0,0,0,0,0,0,0,0,0,0,0,0,15,220,253,253,80,0,0,0,0,0,0,0,0,0,0,0,0,0,0,0,0,0,0,0,0,0,0,0,94,253,253,253,94,0,0,0,0,0,0,0,0,0,0,0,0,0,0,0,0,0,0,0,0,0,0,0,89,251,253,250,131,0,0,0,0,0,0,0,0,0,0,0,0,0,0,0,0,0,0,0,0,0,0,0,0,214,218,95,0,0,0,0,0,0,0,0,0,0,0,0,0,0,0,0,0,0,0,0,0,0,0,0,0,0,0,0,0,0,0,0,0,0,0,0,0,0,0,0,0,0,0,0,0,0,0,0,0,0,0,0,0,0,0,0,0,0,0,0,0,0,0,0,0,0,0,0,0,0,0,0,0,0,0,0,0,0,0,0,0,0,0,0,0,0,0,0,0,0,0,0,0,0,0,0,0,0,0,0,0,0,0,0,0,0,0,0,0,0,0,0,0,0,0,0,0,0,0,0,0,0,0,0,0,0,0,0,0
0,0,0,0,0,0,0,0,0,0,0,0,0,0,0,0,0,0,0,0,0,0,0,0,0,0,0,0,0,0,0,0,0,0,0,0,0,0,0,0,0,0,0,0,0,0,0,0,0,0,0,0,0,0,0,0,0,0,0,0,0,0,0,0,0,0,0,0,0,0,0,0,0,0,0,0,0,0,0,0,0,0,0,0,0,0,0,0,0,0,0,0,0,0,0,0,0,0,0,0,0,0,0,0,0,0,0,0,0,0,0,0,0,0,0,0,0,0,0,0,0,0,0,18,30,137,137,192,86,72,1,0,0,0,0,0,0,0,0,0,0,0,0,0,0,0,0,0,0,13,86,250,254,254,254,254,217,246,151,32,0,0,0,0,0,0,0,0,0,0,0,0,0,0,0,0,16,179,254,254,254,254,254,254,254,254,254,231,54,15,0,0,0,0,0,0,0,0,0,0,0,0,0,0,72,254,254,254,254,254,254,254,254,254,254,254,254,104,0,0,0,0,0,0,0,0,0,0,0,0,0,61,191,254,254,254,254,254,109,83,199,254,254,254,254,243,85,0,0,0,0,0,0,0,0,0,0,0,0,172,254,254,254,202,147,147,45,0,11,29,200,254,254,254,171,0,0,0,0,0,0,0,0,0,0,0,1,174,254,254,89,67,0,0,0,0,0,0,128,252,254,254,212,76,0,0,0,0,0,0,0,0,0,0,47,254,254,254,29,0,0,0,0,0,0,0,0,83,254,254,254,153,0,0,0,0,0,0,0,0,0,0,80,254,254,240,24,0,0,0,0,0,0,0,0,25,240,254,254,153,0,0,0,0,0,0,0,0,0,0,64,254,254,186,7,0,0,0,0,0,0,0,0,0,166,254,254,224,12,0,0,0,0,0,0,0,0,14,232,254,254,254,29,0,0,0,0,0,0,0,0,0,75,254,254,254,17,0,0,0,0,0,0,0,0,18,254,254,254,254,29,0,0,0,0,0,0,0,0,0,48,254,254,254,17,0,0,0,0,0,0,0,0,2,163,254,254,254,29,0,0,0,0,0,0,0,0,0,48,254,254,254,17,0,0,0,0,0,0,0,0,0,94,254,254,254,200,12,0,0,0,0,0,0,0,16,209,254,254,150,1,0,0,0,0,0,0,0,0,0,15,206,254,254,254,202,66,0,0,0,0,0,21,161,254,254,245,31,0,0,0,0,0,0,0,0,0,0,0,60,212,254,254,254,194,48,48,34,41,48,209,254,254,254,171,0,0,0,0,0,0,0,0,0,0,0,0,0,86,243,254,254,254,254,254,233,243,254,254,254,254,254,86,0,0,0,0,0,0,0,0,0,0,0,0,0,0,114,254,254,254,254,254,254,254,254,254,254,239,86,11,0,0,0,0,0,0,0,0,0,0,0,0,0,0,13,182,254,254,254,254,254,254,254,254,243,70,0,0,0,0,0,0,0,0,0,0,0,0,0,0,0,0,0,8,76,146,254,255,254,255,146,19,15,0,0,0,0,0,0,0,0,0,0,0,0,0,0,0,0,0,0,0,0,0,0,0,0,0,0,0,0,0,0,0,0,0,0,0,0,0,0,0,0,0,0,0,0,0,0,0,0,0,0,0,0,0,0,0,0,0,0,0,0,0,0,0,0,0,0,0,0,0,0,0,0,0,0,0,0,0,0,0,0,0,0,0,0,0,0,0,0,0,0,0,0,0,0,0,0,0,0,0,0,0,0,0,0,0,0,0,0,0,0,0,0,0,0,0,0,0,0,0,0,0
1,0,0,0,0,0,0,0,0,0,0,0,0,0,0,0,0,0,0,0,0,0,0,0,0,0,0,0,0,0,0,0,0,0,0,0,0,0,0,0,0,0,0,0,0,0,0,0,0,0,0,0,0,0,0,0,0,0,0,0,0,0,0,0,0,0,0,0,0,0,0,0,0,0,0,0,0,0,0,0,0,0,0,0,0,0,0,0,0,0,0,0,0,0,0,0,0,0,0,0,0,0,0,0,0,0,0,0,0,0,0,0,0,0,0,0,0,0,0,0,0,0,0,0,0,3,141,139,3,0,0,0,0,0,0,0,0,0,0,0,0,0,0,0,0,0,0,0,0,0,0,0,0,9,254,254,8,0,0,0,0,0,0,0,0,0,0,0,0,0,0,0,0,0,0,0,0,0,0,0,0,9,254,254,8,0,0,0,0,0,0,0,0,0,0,0,0,0,0,0,0,0,0,0,0,0,0,0,0,9,254,254,106,0,0,0,0,0,0,0,0,0,0,0,0,0,0,0,0,0,0,0,0,0,0,0,0,9,254,254,184,0,0,0,0,0,0,0,0,0,0,0,0,0,0,0,0,0,0,0,0,0,0,0,0,9,254,254,184,0,0,0,0,0,0,0,0,0,0,0,0,0,0,0,0,0,0,0,0,0,0,0,0,9,254,254,184,0,0,0,0,0,0,0,0,0,0,0,0,0,0,0,0,0,0,0,0,0,0,0,0,6,185,254,184,0,0,0,0,0,0,0,0,0,0,0,0,0,0,0,0,0,0,0,0,0,0,0,0,0,89,254,184,0,0,0,0,0,0,0,0,0,0,0,0,0,0,0,0,0,0,0,0,0,0,0,0,4,146,254,184,0,0,0,0,0,0,0,0,0,0,0,0,0,0,0,0,0,0,0,0,0,0,0,0,9,254,254,184,0,0,0,0,0,0,0,0,0,0,0,0,0,0,0,0,0,0,0,0,0,0,0,0,9,254,254,184,0,0,0,0,0,0,0,0,0,0,0,0,0,0,0,0,0,0,0,0,0,0,0,0,9,254,254,184,0,0,0,0,0,0,0,0,0,0,0,0,0,0,0,0,0,0,0,0,0,0,0,0,9,254,254,184,0,0,0,0,0,0,0,0,0,0,0,0,0,0,0,0,0,0,0,0,0,0,0,0,9,254,254,184,0,0,0,0,0,0,0,0,0,0,0,0,0,0,0,0,0,0,0,0,0,0,0,0,156,254,254,184,0,0,0,0,0,0,0,0,0,0,0,0,0,0,0,0,0,0,0,0,0,0,0,0,185,255,255,184,0,0,0,0,0,0,0,0,0,0,0,0,0,0,0,0,0,0,0,0,0,0,0,0,185,254,254,184,0,0,0,0,0,0,0,0,0,0,0,0,0,0,0,0,0,0,0,0,0,0,0,0,185,254,254,184,0,0,0,0,0,0,0,0,0,0,0,0,0,0,0,0,0,0,0,0,0,0,0,0,63,254,254,62,0,0,0,0,0,0,0,0,0,0,0,0,0,0,0,0,0,0,0,0,0,0,0,0,0,0,0,0,0,0,0,0,0,0,0,0,0,0,0,0,0,0,0,0,0,0,0,0,0,0,0,0,0,0,0,0,0,0,0,0,0,0,0,0,0,0,0,0,0,0,0,0,0,0,0,0,0,0,0,0,0,0,0,0,0,0,0,0,0,0,0,0,0,0,0,0,0,0,0,0,0,0,0,0,0,0,0,0,0,0,0,0,0,0,0,0,0,0,0,0,0,0,0,0
0,0,0,0,0,0,0,0,0,0,0,0,0,0,0,0,0,0,0,0,0,0,0,0,0,0,0,0,0,0,0,0,0,0,0,0,0,0,0,0,0,0,0,0,0,0,0,0,0,0,0,0,0,0,0,0,0,0,0,0,0,0,0,0,0,0,0,0,0,0,0,0,0,0,0,0,0,0,0,0,0,0,0,0,0,0,0,0,0,0,0,0,0,0,0,0,0,0,0,0,0,0,0,0,0,0,0,0,0,0,0,0,0,0,0,0,0,0,0,0,0,0,1,25,130,155,254,254,254,157,30,2,0,0,0,0,0,0,0,0,0,0,0,0,0,0,0,0,0,8,103,253,253,253,253,253,253,253,253,114,2,0,0,0,0,0,0,0,0,0,0,0,0,0,0,0,11,208,253,253,253,253,253,253,253,253,253,253,107,0,0,0,0,0,0,0,0,0,0,0,0,0,0,0,31,253,253,253,253,253,253,253,253,253,253,253,215,101,3,0,0,0,0,0,0,0,0,0,0,0,0,23,210,253,253,253,248,161,222,222,246,253,253,253,253,253,39,0,0,0,0,0,0,0,0,0,0,0,0,136,253,253,253,229,77,0,0,0,70,218,253,253,253,253,215,91,0,0,0,0,0,0,0,0,0,0,5,214,253,253,253,195,0,0,0,0,0,104,224,253,253,253,253,215,29,0,0,0,0,0,0,0,0,0,116,253,253,253,247,75,0,0,0,0,0,0,26,200,253,253,253,253,216,4,0,0,0,0,0,0,0,0,254,253,253,253,195,0,0,0,0,0,0,0,0,26,200,253,253,253,253,5,0,0,0,0,0,0,0,0,254,253,253,253,99,0,0,0,0,0,0,0,0,0,25,231,253,253,253,36,0,0,0,0,0,0,0,0,254,253,253,253,99,0,0,0,0,0,0,0,0,0,0,223,253,253,253,129,0,0,0,0,0,0,0,0,254,253,253,253,99,0,0,0,0,0,0,0,0,0,0,127,253,253,253,129,0,0,0,0,0,0,0,0,254,253,253,253,99,0,0,0,0,0,0,0,0,0,0,139,253,253,253,90,0,0,0,0,0,0,0,0,254,253,253,253,99,0,0,0,0,0,0,0,0,0,78,248,253,253,253,5,0,0,0,0,0,0,0,0,254,253,253,253,216,34,0,0,0,0,0,0,0,33,152,253,253,253,107,1,0,0,0,0,0,0,0,0,206,253,253,253,253,140,0,0,0,0,0,30,139,234,253,253,253,154,2,0,0,0,0,0,0,0,0,0,16,205,253,253,253,250,208,106,106,106,200,237,253,253,253,253,209,22,0,0,0,0,0,0,0,0,0,0,0,82,253,253,253,253,253,253,253,253,253,253,253,253,253,209,22,0,0,0,0,0,0,0,0,0,0,0,0,1,91,253,253,253,253,253,253,253,253,253,253,213,90,7,0,0,0,0,0,0,0,0,0,0,0,0,0,0,1,18,129,208,253,253,253,253,159,129,90,4,0,0,0,0,0,0,0,0,0,0,0,0,0,0,0,0,0,0,0,0,0,0,0,0,0,0,0,0,0,0,0,0,0,0,0,0,0,0,0,0,0,0,0,0,0,0,0,0,0,0,0,0,0,0,0,0,0,0,0,0,0,0,0,0,0,0,0,0,0,0,0,0,0,0,0,0,0,0,0,0,0,0,0,0,0,0,0,0,0,0,0,0,0,0,0,0,0,0,0,0,0,0,0,0,0,0,0,0,0,0,0,0,0,0,0,0,0,0,0,0,0
1,0,0,0,0,0,0,0,0,0,0,0,0,0,0,0,0,0,0,0,0,0,0,0,0,0,0,0,0,0,0,0,0,0,0,0,0,0,0,0,0,0,0,0,0,0,0,0,0,0,0,0,0,0,0,0,0,0,0,0,0,0,0,0,0,0,0,0,0,0,0,0,0,0,0,0,0,0,0,0,0,0,0,0,0,0,0,0,0,0,0,0,0,0,0,0,0,0,0,0,0,0,0,0,0,0,0,0,0,0,0,0,0,0,0,0,0,0,0,0,0,0,0,0,0,0,0,0,0,0,0,0,0,0,0,0,0,0,0,0,0,0,0,0,0,0,0,0,0,0,0,0,0,0,0,169,207,33,0,0,0,0,0,0,0,0,0,0,0,0,0,0,0,0,0,0,0,0,0,0,0,0,0,168,254,105,0,0,0,0,0,0,0,0,0,0,0,0,0,0,0,0,0,0,0,0,0,0,0,0,84,249,254,105,0,0,0,0,0,0,0,0,0,0,0,0,0,0,0,0,0,0,0,0,0,0,0,0,89,254,254,105,0,0,0,0,0,0,0,0,0,0,0,0,0,0,0,0,0,0,0,0,0,0,0,0,89,254,193,14,0,0,0,0,0,0,0,0,0,0,0,0,0,0,0,0,0,0,0,0,0,0,0,0,89,254,184,0,0,0,0,0,0,0,0,0,0,0,0,0,0,0,0,0,0,0,0,0,0,0,0,7,204,254,184,0,0,0,0,0,0,0,0,0,0,0,0,0,0,0,0,0,0,0,0,0,0,0,0,0,89,254,184,0,0,0,0,0,0,0,0,0,0,0,0,0,0,0,0,0,0,0,0,0,0,0,0,13,209,254,178,0,0,0,0,0,0,0,0,0,0,0,0,0,0,0,0,0,0,0,0,0,0,0,37,209,254,254,69,0,0,0,0,0,0,0,0,0,0,0,0,0,0,0,0,0,0,0,0,0,0,0,107,254,254,254,184,0,0,0,0,0,0,0,0,0,0,0,0,0,0,0,0,0,0,0,0,0,0,0,3,187,254,254,134,0,0,0,0,0,0,0,0,0,0,0,0,0,0,0,0,0,0,0,0,0,0,0,0,185,254,155,3,0,0,0,0,0,0,0,0,0,0,0,0,0,0,0,0,0,0,0,0,0,0,0,0,185,254,238,7,0,0,0,0,0,0,0,0,0,0,0,0,0,0,0,0,0,0,0,0,0,0,0,0,185,254,254,8,0,0,0,0,0,0,0,0,0,0,0,0,0,0,0,0,0,0,0,0,0,0,0,0,185,254,231,7,0,0,0,0,0,0,0,0,0,0,0,0,0,0,0,0,0,0,0,0,0,0,0,0,185,255,87,0,0,0,0,0,0,0,0,0,0,0,0,0,0,0,0,0,0,0,0,0,0,0,0,0,173,254,87,0,0,0,0,0,0,0,0,0,0,0,0,0,0,0,0,0,0,0,0,0,0,0,0,0,9,254,87,0,0,0,0,0,0,0,0,0,0,0,0,0,0,0,0,0,0,0,0,0,0,0,0,0,9,254,87,0,0,0,0,0,0,0,0,0,0,0,0,0,0,0,0,0,0,0,0,0,0,0,0,0,0,0,0,0,0,0,0,0,0,0,0,0,0,0,0,0,0,0,0,0,0,0,0,0,0,0,0,0,0,0,0,0,0,0,0,0,0,0,0,0,0,0,0,0,0,0,0,0,0,0,0,0,0,0,0,0,0,0,0,0,0,0,0,0,0,0,0,0,0,0,0,0
0,0,0,0,0,0,0,0,0,0,0,0,0,0,0,0,0,0,0,0,0,0,0,0,0,0,0,0,0,0,0,0,0,0,0,0,0,0,0,0,0,0,0,0,0,0,0,0,0,0,0,0,0,0,0,0,0,0,0,0,0,0,0,0,0,0,0,0,0,0,0,0,0,0,0,0,0,0,0,0,0,0,0,0,0,0,0,0,0,0,0,0,0,0,0,0,0,0,0,0,0,0,0,0,0,0,0,0,0,0,0,0,0,0,0,0,0,0,0,0,0,0,1,25,130,155,254,254,254,157,30,2,0,0,0,0,0,0,0,0,0,0,0,0,0,0,0,0,0,8,103,253,253,253,253,253,253,253,253,114,2,0,0,0,0,0,0,0,0,0,0,0,0,0,0,0,11,208,253,253,253,253,253,253,253,253,253,253,107,0,0,0,0,0,0,0,0,0,0,0,0,0,0,0,31,253,253,253,253,253,253,253,253,253,253,253,215,101,3,0,0,0,0,0,0,0,0,0,0,0,0,23,210,253,253,253,248,161,222,222,246,253,253,253,253,253,39,0,0,0,0,0,0,0,0,0,0,0,0,136,253,253,253,229,77,0,0,0,70,218,253,253,253,253,215,91,0,0,0,0,0,0,0,0,0,0,5,214,253,253,253,195,0,0,0,0,0,104,224,253,253,253,253,215,29,0,0,0,0,0,0,0,0,0,116,253,253,253,247,75,0,0,0,0,0,0,26,200,253,253,253,253,216,4,0,0,0,0,0,0,0,0,254,253,253,253,195,0,0,0,0,0,0,0,0,26,200,253,253,253,253,5,0,0,0,0,0,0,0,0,254,253,253,253,99,0,0,0,0,0,0,0,0,0,25,231,253,253,253,36,0,0,0,0,0,0,0,0,254,253,253,253,99,0,0,0,0,0,0,0,0,0,0,223,253,253,253,129,0,0,0,0,0,0,0,0,254,253,253,253,99,0,0,0,0,0,0,0,0,0,0,127,253,253,253,129,0,0,0,0,0,0,0,0,254,253,253,253,99,0,0,0,0,0,0,0,0,0,0,139,253,253,253,90,0,0,0,0,0,0,0,0,254,253,253,253,99,0,0,0,0,0,0,0,0,0,78,248,253,253,253,5,0,0,0,0,0,0,0,0,254,253,253,253,216,34,0,0,0,0,0,0,0,33,152,253,253,253,107,1,0,0,0,0,0,0,0,0,206,253,253,253,253,140,0,0,0,0,0,30,139,234,253,253,253,154,2,0,0,0,0,0,0,0,0,0,16,205,253,253,253,250,208,106,106,106,200,237,253,253,253,253,209,22,0,0,0,0,0,0,0,0,0,0,0,82,253,253,253,253,253,253,253,253,253,253,253,253,253,209,22,0,0,0,0,0,0,0,0,0,0,0,0,1,91,253,253,253,253,253,253,253,253,253,253,213,90,7,0,0,0,0,0,0,0,0,0,0,0,0,0,0,1,18,129,208,253,253,253,253,159,129,90,4,0,0,0,0,0,0,0,0,0,0,0,0,0,0,0,0,0,0,0,0,0,0,0,0,0,0,0,0,0,0,0,0,0,0,0,0,0,0,0,0,0,0,0,0,0,0,0,0,0,0,0,0,0,0,0,0,0,0,0,0,0,0,0,0,0,0,0,0,0,0,0,0,0,0,0,0,0,0,0,0,0,0,0,0,0,0,0,0,0,0,0,0,0,0,0,0,0,0,0,0,0,0,0,0,0,0,0,0,0,0,0,0,0,0,0,0,0,0,0,0,0
1,0,0,0,0,0,0,0,0,0,0,0,0,0,0,0,0,0,0,0,0,0,0,0,0,0,0,0,0,0,0,0,0,0,0,0,0,0,0,0,0,0,0,0,0,0,0,0,0,0,0,0,0,0,0,0,0,0,0,0,0,0,0,0,0,0,0,0,0,0,0,0,0,0,0,0,0,0,0,0,0,0,0,0,0,0,0,0,0,0,0,0,0,0,0,0,0,0,0,0,0,0,0,0,0,0,0,0,0,0,0,0,0,0,0,0,0,0,0,0,0,0,0,0,0,0,0,0,0,0,0,0,0,0,0,0,0,0,0,0,0,0,0,0,0,0,0,0,0,0,0,0,0,0,0,0,0,38,236,73,0,0,0,0,0,0,0,0,0,0,0,0,0,0,0,0,0,0,0,0,0,0,0,0,0,96,253,92,0,0,0,0,0,0,0,0,0,0,0,0,0,0,0,0,0,0,0,0,0,0,0,0,14,207,214,7,0,0,0,0,0,0,0,0,0,0,0,0,0,0,0,0,0,0,0,0,0,0,0,0,92,253,97,0,0,0,0,0,0,0,0,0,0,0,0,0,0,0,0,0,0,0,0,0,0,0,0,0,144,253,44,0,0,0,0,0,0,0,0,0,0,0,0,0,0,0,0,0,0,0,0,0,0,0,0,0,231,253,44,0,0,0,0,0,0,0,0,0,0,0,0,0,0,0,0,0,0,0,0,0,0,0,0,54,254,192,4,0,0,0,0,0,0,0,0,0,0,0,0,0,0,0,0,0,0,0,0,0,0,0,0,130,249,107,0,0,0,0,0,0,0,0,0,0,0,0,0,0,0,0,0,0,0,0,0,0,0,0,0,221,221,0,0,0,0,0,0,0,0,0,0,0,0,0,0,0,0,0,0,0,0,0,0,0,0,0,0,221,221,0,0,0,0,0,0,0,0,0,0,0,0,0,0,0,0,0,0,0,0,0,0,0,0,0,78,255,208,0,0,0,0,0,0,0,0,0,0,0,0,0,0,0,0,0,0,0,0,0,0,0,0,0,107,253,111,0,0,0,0,0,0,0,0,0,0,0,0,0,0,0,0,0,0,0,0,0,0,0,0,0,188,253,68,0,0,0,0,0,0,0,0,0,0,0,0,0,0,0,0,0,0,0,0,0,0,0,0,0,188,253,0,0,0,0,0,0,0,0,0,0,0,0,0,0,0,0,0,0,0,0,0,0,0,0,0,10,202,181,0,0,0,0,0,0,0,0,0,0,0,0,0,0,0,0,0,0,0,0,0,0,0,0,0,45,253,143,0,0,0,0,0,0,0,0,0,0,0,0,0,0,0,0,0,0,0,0,0,0,0,0,0,146,253,90,0,0,0,0,0,0,0,0,0,0,0,0,0,0,0,0,0,0,0,0,0,0,0,0,7,215,187,13,0,0,0,0,0,0,0,0,0,0,0,0,0,0,0,0,0,0,0,0,0,0,0,0,45,253,66,0,0,0,0,0,0,0,0,0,0,0,0,0,0,0,0,0,0,0,0,0,0,0,0,0,165,124,9,0,0,0,0,0,0,0,0,0,0,0,0,0,0,0,0,0,0,0,0,0,0,0,0,0,0,0,0,0,0,0,0,0,0,0,0,0,0,0,0,0,0,0,0,0,0,0,0,0,0,0,0,0,0,0,0,0,0,0,0,0,0,0,0,0,0,0,0,0,0,0,0,0,0,0,0,0,0,0,0,0,0,0,0,0,0,0,0,0,0,0,0,0,0,0,0,0,0
0,0,0,0,0,0,0,0,0,0,0,0,0,0,0,0,0,0,0,0,0,0,0,0,0,0,0,0,0,0,0,0,0,0,0,0,0,0,0,0,0,0,0,0,0,0,0,0,0,0,0,0,0,0,0,0,0,0,0,0,0,0,0,0,0,0,0,0,0,0,0,0,0,0,0,0,0,0,0,0,0,0,0,0,0,0,0,0,0,0,0,0,0,0,0,0,0,0,0,0,0,0,0,0,0,0,0,0,0,0,0,0,0,0,0,0,0,0,0,0,0,0,0,0,0,0,0,0,0,0,144,254,130,0,0,0,0,0,0,0,0,0,0,0,0,0,0,0,0,0,0,0,0,0,0,0,46,157,251,253,222,91,0,0,0,0,0,0,0,0,0,0,0,0,0,0,0,0,0,0,0,0,0,95,232,253,253,253,253,249,133,0,0,0,0,0,0,0,0,0,0,0,0,0,0,0,0,0,0,0,43,254,253,253,228,137,85,253,235,34,0,0,0,0,0,0,0,0,0,0,0,0,0,0,0,0,0,47,229,254,253,228,57,0,54,253,253,107,0,0,0,0,0,0,0,0,0,0,0,0,0,0,0,0,20,226,253,254,202,55,0,0,54,253,253,107,0,0,0,0,0,0,0,0,0,0,0,0,0,0,0,28,133,253,253,214,11,0,0,0,54,253,253,107,0,0,0,0,0,0,0,0,0,0,0,0,0,0,6,182,253,253,168,0,0,0,0,0,54,253,253,107,0,0,0,0,0,0,0,0,0,0,0,0,0,4,65,253,252,233,50,0,0,0,0,0,131,253,252,101,0,0,0,0,0,0,0,0,0,0,0,0,0,68,253,253,226,0,0,0,0,0,0,0,187,253,226,0,0,0,0,0,0,0,0,0,0,0,0,0,0,202,254,235,49,0,0,0,0,0,0,131,254,255,94,0,0,0,0,0,0,0,0,0,0,0,0,0,204,251,230,53,0,0,0,0,0,0,0,201,253,253,93,0,0,0,0,0,0,0,0,0,0,0,0,85,249,228,126,0,0,0,0,0,0,0,123,248,253,253,93,0,0,0,0,0,0,0,0,0,0,0,35,215,253,186,0,0,0,0,0,0,0,123,247,253,236,151,15,0,0,0,0,0,0,0,0,0,0,0,108,253,253,81,0,0,0,0,0,0,191,248,253,253,164,0,0,0,0,0,0,0,0,0,0,0,0,0,108,253,194,14,0,0,0,3,54,188,250,253,253,175,18,0,0,0,0,0,0,0,0,0,0,0,0,0,108,253,228,68,41,132,174,178,253,255,253,253,176,17,0,0,0,0,0,0,0,0,0,0,0,0,0,0,40,237,253,253,253,253,253,253,253,255,242,177,15,0,0,0,0,0,0,0,0,0,0,0,0,0,0,0,0,221,253,253,253,253,253,252,240,241,68,0,0,0,0,0,0,0,0,0,0,0,0,0,0,0,0,0,0,45,233,253,253,232,120,114,0,0,0,0,0,0,0,0,0,0,0,0,0,0,0,0,0,0,0,0,0,0,0,0,0,0,0,0,0,0,0,0,0,0,0,0,0,0,0,0,0,0,0,0,0,0,0,0,0,0,0,0,0,0,0,0,0,0,0,0,0,0,0,0,0,0,0,0,0,0,0,0,0,0,0,0,0,0,0,0,0,0,0,0,0,0,0,0,0,0,0,0,0,0,0,0,0,0,0,0,0,0,0,0,0,0,0,0,0,0,0,0,0,0,0,0,0,0,0,0,0,0,0,0,0,0,0
1,0,0,0,0,0,0,0,0,0,0,0,0,0,0,0,0,0,0,0,0,0,0,0,0,0,0,0,0,0,0,0,0,0,0,0,0,0,0,0,0,0,0,0,0,0,0,0,0,0,0,0,0,0,0,0,0,0,0,0,0,0,0,0,0,0,0,0,0,0,0,0,0,0,0,0,0,0,0,0,0,0,0,0,0,0,0,0,0,0,0,0,0,0,0,0,0,0,0,0,0,0,0,0,0,0,0,0,0,0,0,0,0,0,0,0,0,0,0,0,0,0,0,0,0,67,193,116,0,0,0,0,0,0,0,0,0,0,0,0,0,0,0,0,0,0,0,0,0,0,0,0,0,196,254,200,0,0,0,0,0,0,0,0,0,0,0,0,0,0,0,0,0,0,0,0,0,0,0,0,43,247,240,25,0,0,0,0,0,0,0,0,0,0,0,0,0,0,0,0,0,0,0,0,0,0,0,0,50,254,238,0,0,0,0,0,0,0,0,0,0,0,0,0,0,0,0,0,0,0,0,0,0,0,0,0,34,236,243,30,0,0,0,0,0,0,0,0,0,0,0,0,0,0,0,0,0,0,0,0,0,0,0,0,0,196,254,92,0,0,0,0,0,0,0,0,0,0,0,0,0,0,0,0,0,0,0,0,0,0,0,0,0,196,254,92,0,0,0,0,0,0,0,0,0,0,0,0,0,0,0,0,0,0,0,0,0,0,0,0,0,158,254,92,0,0,0,0,0,0,0,0,0,0,0,0,0,0,0,0,0,0,0,0,0,0,0,0,0,88,254,99,0,0,0,0,0,0,0,0,0,0,0,0,0,0,0,0,0,0,0,0,0,0,0,0,0,88,254,200,0,0,0,0,0,0,0,0,0,0,0,0,0,0,0,0,0,0,0,0,0,0,0,0,0,88,254,200,0,0,0,0,0,0,0,0,0,0,0,0,0,0,0,0,0,0,0,0,0,0,0,0,0,88,254,205,5,0,0,0,0,0,0,0,0,0,0,0,0,0,0,0,0,0,0,0,0,0,0,0,0,67,250,254,54,0,0,0,0,0,0,0,0,0,0,0,0,0,0,0,0,0,0,0,0,0,0,0,0,71,251,254,54,0,0,0,0,0,0,0,0,0,0,0,0,0,0,0,0,0,0,0,0,0,0,0,0,4,235,254,54,0,0,0,0,0,0,0,0,0,0,0,0,0,0,0,0,0,0,0,0,0,0,0,0,0,206,255,82,0,0,0,0,0,0,0,0,0,0,0,0,0,0,0,0,0,0,0,0,0,0,0,0,0,126,254,239,111,175,40,0,0,0,0,0,0,0,0,0,0,0,0,0,0,0,0,0,0,0,0,0,0,17,243,254,254,254,48,0,0,0,0,0,0,0,0,0,0,0,0,0,0,0,0,0,0,0,0,0,0,0,72,240,254,238,35,0,0,0,0,0,0,0,0,0,0,0,0,0,0,0,0,0,0,0,0,0,0,0,0,69,201,148,0,0,0,0,0,0,0,0,0,0,0,0,0,0,0,0,0,0,0,0,0,0,0,0,0,0,0,0,0,0,0,0,0,0,0,0,0,0,0,0,0,0,0,0,0,0,0,0,0,0,0,0,0,0,0,0,0,0,0,0,0,0,0,0,0,0,0,0,0,0,0,0,0,0,0,0,0,0,0,0,0,0,0,0,0,0,0,0,0,0,0,0,0,0,0,0,0,0,0,0,0,0,0,0,0,0,0,0,0,0,0,0,0,0,0,0,0,0,0,0,0,0
0,0,0,0,0,0,0,0,0,0,0,0,0,0,0,0,0,0,0,0,0,0,0,0,0,0,0,0,0,0,0,0,0,0,0,0,0,0,0,0,0,0,0,0,0,0,0,0,0,0,0,0,0,0,0,0,0,0,0,0,0,0,0,0,0,0,0,0,0,0,0,0,0,0,0,0,0,0,0,0,0,0,0,0,0,0,0,0,0,0,0,0,0,0,0,0,0,0,0,0,0,0,0,0,0,0,0,0,0,0,0,0,0,0,0,0,0,0,0,0,0,0,0,0,5,55,138,138,74,0,0,0,0,0,0,0,0,0,0,0,0,0,0,0,0,0,0,0,0,0,0,26,84,252,252,252,230,0,0,0,0,0,0,0,0,0,0,0,0,0,0,0,0,0,0,0,0,0,0,170,252,252,252,252,247,131,184,142,70,0,0,0,0,0,0,0,0,0,0,0,0,0,0,0,0,34,197,253,252,252,252,252,253,252,252,252,252,198,34,0,0,0,0,0,0,0,0,0,0,0,0,0,32,165,252,253,252,252,252,252,253,252,252,252,252,253,217,32,0,0,0,0,0,0,0,0,0,0,0,0,132,253,253,255,239,237,253,253,255,253,253,253,253,255,253,79,0,0,0,0,0,0,0,0,0,0,0,9,197,252,252,249,128,57,244,252,249,132,175,244,252,253,252,183,0,0,0,0,0,0,0,0,0,0,0,130,252,252,252,146,0,0,207,252,230,0,0,124,252,253,252,234,118,0,0,0,0,0,0,0,0,0,9,194,252,252,252,21,0,0,165,252,239,93,25,17,45,253,252,252,236,19,0,0,0,0,0,0,0,0,76,252,252,252,95,0,0,0,9,75,137,137,90,0,0,96,252,252,252,22,0,0,0,0,0,0,0,0,202,253,253,245,21,0,0,0,0,0,0,0,0,0,0,0,162,253,253,148,0,0,0,0,0,0,0,0,253,252,252,87,0,0,0,0,0,0,0,0,0,0,0,0,161,252,252,252,0,0,0,0,0,0,0,0,253,252,252,45,0,0,0,0,0,0,0,0,0,0,0,0,65,234,252,252,0,0,0,0,0,0,0,0,253,252,252,45,0,0,0,0,0,0,0,0,0,0,0,0,81,240,252,210,0,0,0,0,0,0,0,0,253,252,252,192,11,0,0,0,0,0,0,0,0,0,0,11,203,252,252,32,0,0,0,0,0,0,0,0,128,253,253,253,148,76,9,0,0,0,0,0,0,9,76,255,253,247,146,0,0,0,0,0,0,0,0,0,9,194,252,252,252,253,194,161,161,109,47,68,161,194,252,253,252,162,0,0,0,0,0,0,0,0,0,0,0,44,171,252,252,253,252,252,252,252,253,252,252,252,252,247,110,19,0,0,0,0,0,0,0,0,0,0,0,0,13,88,202,253,252,252,252,252,253,252,252,218,160,42,0,0,0,0,0,0,0,0,0,0,0,0,0,0,0,0,11,23,22,107,137,137,23,22,22,14,0,0,0,0,0,0,0,0,0,0,0,0,0,0,0,0,0,0,0,0,0,0,0,0,0,0,0,0,0,0,0,0,0,0,0,0,0,0,0,0,0,0,0,0,0,0,0,0,0,0,0,0,0,0,0,0,0,0,0,0,0,0,0,0,0,0,0,0,0,0,0,0,0,0,0,0,0,0,0,0,0,0,0,0,0,0,0,0,0,0,0,0,0,0,0,0,0,0,0,0,0,0,0,0,0,0,0,0,0,0,0,0,0,0,0,0,0,0,0,0,0
1,0,0,0,0,0,0,0,0,0,0,0,0,0,0,0,0,0,0,0,0,0,0,0,0,0,0,0,0,0,0,0,0,0,0,0,0,0,0,0,0,0,0,0,0,0,0,0,0,0,0,0,0,0,0,0,0,0,0,0,0,0,0,0,0,0,0,0,0,0,0,0,0,0,0,0,0,0,0,0,0,0,0,0,0,0,0,0,0,0,0,0,0,0,0,0,0,0,0,0,0,0,0,0,0,0,0,0,0,0,0,0,0,0,0,0,0,0,0,0,0,0,0,0,0,0,0,43,253,200,49,0,0,0,0,0,0,0,0,0,0,0,0,0,0,0,0,0,0,0,0,0,0,0,0,43,252,252,84,0,0,0,0,0,0,0,0,0,0,0,0,0,0,0,0,0,0,0,0,89,0,0,0,96,252,252,84,0,0,0,0,0,0,0,0,0,0,0,0,0,0,0,0,0,0,0,0,0,0,0,0,148,252,212,28,0,0,0,0,0,0,0,0,0,0,0,0,0,0,0,0,0,0,0,0,0,0,0,0,192,252,38,0,0,0,0,0,0,0,0,0,0,0,0,0,0,0,0,0,0,0,0,0,0,0,0,18,210,253,83,0,0,0,0,0,0,0,0,0,0,0,0,0,0,0,0,0,0,0,0,0,0,0,0,106,253,252,126,0,0,0,0,0,0,0,0,0,0,0,0,0,0,0,0,0,0,0,0,0,0,0,0,158,253,252,29,0,0,0,0,0,0,0,0,0,0,0,0,0,0,0,0,0,0,0,0,0,0,0,0,211,253,126,7,0,0,0,0,0,0,0,0,0,0,0,0,0,0,0,0,0,0,0,0,0,0,0,0,211,253,63,0,0,0,0,0,0,0,0,0,0,0,0,0,0,0,0,0,0,0,0,0,0,0,0,55,236,255,107,0,0,0,0,0,0,0,0,0,0,0,0,0,0,0,0,0,0,0,0,0,0,0,0,169,252,253,63,0,0,0,0,0,0,0,0,0,0,0,0,0,0,0,0,0,0,0,0,0,0,0,2,176,252,214,5,0,0,0,0,0,0,0,0,0,0,0,0,0,0,0,0,0,0,0,0,0,0,0,22,252,252,185,0,0,0,0,0,0,0,0,0,0,0,0,0,0,0,0,0,0,0,0,0,0,0,0,66,252,252,150,0,0,0,0,0,0,0,0,0,0,0,0,0,0,0,0,0,0,0,0,0,0,0,0,189,253,253,89,0,0,0,0,0,0,0,0,0,0,0,0,0,0,0,0,0,0,0,0,0,0,0,0,232,252,173,0,0,0,0,0,0,0,0,0,0,0,0,0,0,0,0,0,0,0,0,0,0,0,0,43,242,252,147,0,0,0,0,0,0,0,0,0,0,0,0,0,0,0,0,0,0,0,0,0,0,0,0,85,252,252,147,0,0,0,0,0,0,0,0,0,0,0,0,0,0,0,0,0,0,0,0,0,0,0,0,14,236,252,147,0,0,0,0,0,0,0,0,0,0,0,0,0,0,0,0,0,0,0,0,0,0,0,0,0,0,0,0,0,0,0,0,0,0,0,0,0,0,0,0,0,0,0,0,0,0,0,0,0,0,0,0,0,0,0,0,0,0,0,0,0,0,0,0,0,0,0,0,0,0,0,0,0,0,0,0,0,0,0,0,0,0,0,0,0,0,0,0,0,0,0,0,0,0,0,0,0,0,0,0,0,0,0,0,0,0,0,0,0,0,0,0,0,0,0,0,0,0,0,0,0,0,0,0,0,0
0,0,0,0,0,0,0,0,0,0,0,0,0,0,0,0,0,0,0,0,0,0,0,0,0,0,0,0,0,0,0,0,0,0,0,0,0,0,0,0,0,0,0,0,0,0,0,0,0,0,0,0,0,0,0,0,0,0,0,0,0,0,0,0,0,0,0,0,0,0,0,0,0,0,0,0,0,0,0,0,0,0,0,0,0,0,0,0,0,0,0,0,0,0,0,0,0,0,0,0,0,0,0,0,0,0,0,0,0,0,0,0,0,0,0,0,0,0,0,0,0,0,0,0,0,0,0,89,255,254,151,8,0,0,0,0,0,0,0,0,0,0,0,0,0,0,0,0,0,0,0,0,0,0,6,191,253,253,253,167,76,0,0,0,0,0,0,0,0,0,0,0,0,0,0,0,0,0,0,0,7,134,237,253,253,253,253,253,244,91,34,0,0,0,0,0,0,0,0,0,0,0,0,0,0,0,0,0,27,253,253,253,253,117,113,239,253,253,202,34,0,0,0,0,0,0,0,0,0,0,0,0,0,0,8,129,223,253,251,148,34,1,0,67,209,245,253,212,0,0,0,0,0,0,0,0,0,0,0,0,0,0,44,253,253,253,158,0,0,0,0,0,0,211,253,244,77,0,0,0,0,0,0,0,0,0,0,0,0,15,187,253,253,242,62,0,0,0,0,0,0,71,253,253,166,9,0,0,0,0,0,0,0,0,0,0,26,187,253,253,242,87,0,0,0,0,0,0,0,36,253,253,253,78,0,0,0,0,0,0,0,0,0,0,62,253,253,248,97,0,0,0,0,0,0,0,0,34,248,253,249,75,0,0,0,0,0,0,0,0,0,0,123,253,253,130,0,0,0,0,0,0,0,0,0,13,162,253,156,0,0,0,0,0,0,0,0,0,0,105,247,253,224,45,0,0,0,0,0,0,0,0,0,36,253,253,156,0,0,0,0,0,0,0,0,0,77,250,253,253,160,0,0,0,0,0,0,0,0,0,0,206,253,253,156,0,0,0,0,0,0,0,0,0,80,253,253,253,34,0,0,0,0,0,0,0,0,0,0,211,253,253,156,0,0,0,0,0,0,0,0,0,80,253,253,155,11,0,0,0,0,0,0,0,0,0,28,219,253,200,16,0,0,0,0,0,0,0,0,0,80,253,253,253,34,0,0,0,0,0,0,0,0,28,195,253,253,60,0,0,0,0,0,0,0,0,0,0,80,253,253,253,186,19,0,0,0,0,0,35,36,202,253,253,237,52,0,0,0,0,0,0,0,0,0,0,44,210,253,253,253,185,115,115,115,115,115,249,253,253,253,157,77,0,0,0,0,0,0,0,0,0,0,0,0,38,107,253,253,253,253,253,253,253,253,253,253,237,144,10,0,0,0,0,0,0,0,0,0,0,0,0,0,0,39,210,253,253,253,253,253,253,253,226,156,16,0,0,0,0,0,0,0,0,0,0,0,0,0,0,0,0,0,43,108,253,253,253,247,78,78,56,0,0,0,0,0,0,0,0,0,0,0,0,0,0,0,0,0,0,0,0,0,0,0,0,0,0,0,0,0,0,0,0,0,0,0,0,0,0,0,0,0,0,0,0,0,0,0,0,0,0,0,0,0,0,0,0,0,0,0,0,0,0,0,0,0,0,0,0,0,0,0,0,0,0,0,0,0,0,0,0,0,0,0,0,0,0,0,0,0,0,0,0,0,0,0,0,0,0,0,0,0,0,0,0,0,0,0,0,0,0,0,0,0,0,0,0,0,0,0,0,0,0,0
1,0,0,0,0,0,0,0,0,0,0,0,0,0,0,0,0,0,0,0,0,0,0,0,0,0,0,0,0,0,0,0,0,0,0,0,0,0,0,0,0,0,0,0,0,0,0,0,0,0,0,0,0,0,0,0,0,0,0,0,0,0,0,0,0,0,0,0,0,0,0,0,0,0,0,0,0,0,0,0,0,0,0,0,0,0,0,0,0,0,0,0,0,0,0,0,0,0,0,0,0,0,0,0,0,0,0,0,0,0,0,0,0,0,0,0,0,0,0,0,0,0,0,0,0,0,0,0,0,72,253,102,0,0,0,0,0,0,0,0,0,0,0,0,0,0,0,0,0,0,0,0,0,0,0,0,0,152,252,102,0,0,0,0,0,0,0,0,0,0,0,0,0,0,0,0,0,0,0,0,0,0,0,0,0,152,253,82,0,0,0,0,0,0,0,0,0,0,0,0,0,0,0,0,0,0,0,0,0,0,0,0,41,233,252,0,0,0,0,0,0,0,0,0,0,0,0,0,0,0,0,0,0,0,0,0,0,0,0,0,123,254,253,0,0,0,0,0,0,0,0,0,0,0,0,0,0,0,0,0,0,0,0,0,0,0,0,0,203,253,212,0,0,0,0,0,0,0,0,0,0,0,0,0,0,0,0,0,0,0,0,0,0,0,0,113,253,254,131,0,0,0,0,0,0,0,0,0,0,0,0,0,0,0,0,0,0,0,0,0,0,0,0,152,252,213,10,0,0,0,0,0,0,0,0,0,0,0,0,0,0,0,0,0,0,0,0,0,0,0,0,254,253,183,0,0,0,0,0,0,0,0,0,0,0,0,0,0,0,0,0,0,0,0,0,0,0,0,82,253,252,102,0,0,0,0,0,0,0,0,0,0,0,0,0,0,0,0,0,0,0,0,0,0,0,11,213,254,192,0,0,0,0,0,0,0,0,0,0,0,0,0,0,0,0,0,0,0,0,0,0,0,0,92,252,253,151,0,0,0,0,0,0,0,0,0,0,0,0,0,0,0,0,0,0,0,0,0,0,0,0,254,253,244,40,0,0,0,0,0,0,0,0,0,0,0,0,0,0,0,0,0,0,0,0,0,0,0,82,253,252,122,0,0,0,0,0,0,0,0,0,0,0,0,0,0,0,0,0,0,0,0,0,0,0,31,193,254,253,41,0,0,0,0,0,0,0,0,0,0,0,0,0,0,0,0,0,0,0,0,0,0,0,51,252,253,171,0,0,0,0,0,0,0,0,0,0,0,0,0,0,0,0,0,0,0,0,0,0,0,0,132,253,255,50,0,0,0,0,0,0,0,0,0,0,0,0,0,0,0,0,0,0,0,0,0,0,0,41,253,252,233,30,0,0,0,0,0,0,0,0,0,0,0,0,0,0,0,0,0,0,0,0,0,0,0,103,255,253,123,0,0,0,0,0,0,0,0,0,0,0,0,0,0,0,0,0,0,0,0,0,0,0,0,61,253,212,0,0,0,0,0,0,0,0,0,0,0,0,0,0,0,0,0,0,0,0,0,0,0,0,0,0,0,0,0,0,0,0,0,0,0,0,0,0,0,0,0,0,0,0,0,0,0,0,0,0,0,0,0,0,0,0,0,0,0,0,0,0,0,0,0,0,0,0,0,0,0,0,0,0,0,0,0,0,0,0,0,0,0,0,0,0,0,0,0,0,0,0,0,0,0,0,0,0,0,0,0,0,0,0,0,0,0,0,0,0,0,0,0,0,0,0,0,0,0,0,0,0,0,0,0,0,0,0
0,0,0,0,0,0,0,0,0,0,0,0,0,0,0,0,0,0,0,0,0,0,0,0,0,0,0,0,0,0,0,0,0,0,0,0,0,0,0,0,0,0,0,0,0,0,0,0,0,0,0,0,0,0,0,0,0,0,0,0,0,0,0,0,0,0,0,0,0,0,0,0,0,0,0,0,0,0,0,0,0,0,0,0,0,0,0,0,0,0,0,0,0,0,0,0,0,0,0,0,0,0,0,0,0,0,0,0,0,0,0,0,0,0,0,0,0,0,0,0,0,0,0,0,0,0,0,0,0,0,0,0,0,0,0,0,0,0,0,0,0,0,0,0,0,0,0,0,0,0,0,0,0,0,0,0,0,0,0,0,0,0,0,0,0,0,0,0,0,0,0,0,0,0,0,0,0,0,0,0,0,0,0,58,0,0,78,112,195,241,164,49,0,0,0,0,0,0,0,0,0,0,0,0,0,0,0,0,0,33,141,244,205,131,248,253,253,253,253,243,108,0,0,0,0,0,0,0,0,0,0,0,0,0,0,0,128,236,253,253,253,253,253,253,253,253,253,253,236,48,0,0,0,0,0,0,0,0,0,0,0,0,36,206,249,253,253,253,232,68,32,32,32,32,49,253,253,237,0,0,0,0,0,0,0,0,0,0,0,36,150,253,253,253,253,187,63,0,0,0,0,0,3,160,253,253,0,0,0,0,0,0,0,0,0,0,35,218,253,253,213,253,231,40,0,0,0,0,0,0,17,234,253,253,0,0,0,0,0,0,0,0,0,34,151,253,253,143,69,218,63,0,0,0,0,0,0,0,125,253,253,149,0,0,0,0,0,0,0,0,0,151,253,253,144,8,0,30,0,0,0,0,0,0,0,54,230,253,147,28,0,0,0,0,0,0,0,0,124,252,253,145,7,0,0,0,0,0,0,0,0,0,38,179,253,250,90,0,0,0,0,0,0,0,0,0,254,253,253,19,0,0,0,0,0,0,0,0,0,29,228,253,249,124,0,0,0,0,0,0,0,0,0,0,255,253,196,9,0,0,0,0,0,0,0,0,9,145,253,253,210,0,0,0,0,0,0,0,0,0,0,0,254,253,253,19,0,0,0,0,0,0,0,29,145,253,253,215,35,0,0,0,0,0,0,0,0,0,0,0,238,253,253,169,46,33,22,0,10,33,130,228,253,253,215,35,0,0,0,0,0,0,0,0,0,0,0,0,48,236,253,253,253,253,221,156,184,253,253,253,253,215,35,0,0,0,0,0,0,0,0,0,0,0,0,0,0,109,242,253,253,253,253,253,253,253,253,239,143,35,0,0,0,0,0,0,0,0,0,0,0,0,0,0,0,0,49,110,227,240,240,240,240,206,110,31,0,0,0,0,0,0,0,0,0,0,0,0,0,0,0,0,0,0,0,0,0,0,0,0,0,0,0,0,0,0,0,0,0,0,0,0,0,0,0,0,0,0,0,0,0,0,0,0,0,0,0,0,0,0,0,0,0,0,0,0,0,0,0,0,0,0,0,0,0,0,0,0,0,0,0,0,0,0,0,0,0,0,0,0,0,0,0,0,0,0,0,0,0,0,0,0,0,0,0,0,0,0,0,0,0,0,0,0,0,0,0,0,0,0,0,0,0,0,0,0,0,0,0,0,0,0,0,0,0,0,0,0,0,0,0,0,0,0,0,0,0,0,0,0,0,0,0,0,0,0,0,0,0,0,0,0,0,0,0,0,0,0,0,0,0,0,0,0,0,0,0,0,0,0,0,0,0,0,0
1,0,0,0,0,0,0,0,0,0,0,0,0,0,0,0,0,0,0,0,0,0,0,0,0,0,0,0,0,0,0,0,0,0,0,0,0,0,0,0,0,0,0,0,0,0,0,0,0,0,0,0,0,0,0,0,0,0,0,0,0,0,0,0,0,0,0,0,0,0,0,0,0,0,0,0,0,0,0,0,0,0,0,0,0,0,0,0,0,0,0,0,0,0,0,0,0,0,0,0,0,0,0,0,0,0,0,0,0,0,0,0,0,0,0,0,0,0,0,0,0,0,0,0,0,0,197,254,135,0,0,0,0,0,0,0,0,0,0,0,0,0,0,0,0,0,0,0,0,0,0,0,0,0,196,253,225,36,0,0,0,0,0,0,0,0,0,0,0,0,0,0,0,0,0,0,0,0,0,0,0,0,196,253,253,78,0,0,0,0,0,0,0,0,0,0,0,0,0,0,0,0,0,0,0,0,0,0,0,0,196,253,253,78,0,0,0,0,0,0,0,0,0,0,0,0,0,0,0,0,0,0,0,0,0,0,0,0,196,253,253,78,0,0,0,0,0,0,0,0,0,0,0,0,0,0,0,0,0,0,0,0,0,0,0,0,148,253,253,78,0,0,0,0,0,0,0,0,0,0,0,0,0,0,0,0,0,0,0,0,0,0,0,0,176,253,253,78,0,0,0,0,0,0,0,0,0,0,0,0,0,0,0,0,0,0,0,0,0,0,0,0,196,253,253,78,0,0,0,0,0,0,0,0,0,0,0,0,0,0,0,0,0,0,0,0,0,0,0,0,196,253,253,78,0,0,0,0,0,0,0,0,0,0,0,0,0,0,0,0,0,0,0,0,0,0,0,0,196,253,253,78,0,0,0,0,0,0,0,0,0,0,0,0,0,0,0,0,0,0,0,0,0,0,0,0,196,253,214,20,0,0,0,0,0,0,0,0,0,0,0,0,0,0,0,0,0,0,0,0,0,0,0,52,237,253,201,0,0,0,0,0,0,0,0,0,0,0,0,0,0,0,0,0,0,0,0,0,0,0,0,72,253,253,111,0,0,0,0,0,0,0,0,0,0,0,0,0,0,0,0,0,0,0,0,0,0,0,0,72,253,253,91,0,0,0,0,0,0,0,0,0,0,0,0,0,0,0,0,0,0,0,0,0,0,0,0,156,253,253,201,0,0,0,0,0,0,0,0,0,0,0,0,0,0,0,0,0,0,0,0,0,0,0,0,202,253,253,201,0,0,0,0,0,0,0,0,0,0,0,0,0,0,0,0,0,0,0,0,0,0,0,47,232,253,253,133,0,0,0,0,0,0,0,0,0,0,0,0,0,0,0,0,0,0,0,0,0,0,0,75,251,253,253,194,0,0,0,0,0,0,0,0,0,0,0,0,0,0,0,0,0,0,0,0,0,0,0,0,199,253,253,71,0,0,0,0,0,0,0,0,0,0,0,0,0,0,0,0,0,0,0,0,0,0,0,0,72,219,220,71,0,0,0,0,0,0,0,0,0,0,0,0,0,0,0,0,0,0,0,0,0,0,0,0,0,0,0,0,0,0,0,0,0,0,0,0,0,0,0,0,0,0,0,0,0,0,0,0,0,0,0,0,0,0,0,0,0,0,0,0,0,0,0,0,0,0,0,0,0,0,0,0,0,0,0,0,0,0,0,0,0,0,0,0,0,0,0,0,0,0,0,0,0,0,0,0,0,0,0,0,0,0,0,0,0,0,0,0,0,0,0,0,0,0,0,0,0,0,0,0,0,0,0,0
0,0,0,0,0,0,0,0,0,0,0,0,0,0,0,0,0,0,0,0,0,0,0,0,0,0,0,0,0,0,0,0,0,0,0,0,0,0,0,0,0,0,0,0,0,0,0,0,0,0,0,0,0,0,0,0,0,0,0,0,0,0,0,0,0,0,0,0,0,0,0,0,0,0,0,0,0,0,0,0,0,0,0,0,0,0,0,0,0,0,0,0,0,0,0,0,0,0,0,0,0,0,0,0,0,0,0,0,0,0,0,0,0,0,0,0,0,0,0,0,0,0,0,0,0,0,95,254,198,167,66,0,0,0,0,0,0,0,0,0,0,0,0,0,0,0,0,0,0,0,0,0,0,5,203,254,255,254,165,9,0,0,0,0,0,0,0,0,0,0,0,0,0,0,0,0,0,0,0,0,0,18,254,232,75,249,17,0,0,0,0,0,0,0,0,0,0,0,0,0,0,0,0,0,0,0,0,0,0,115,252,71,0,50,165,0,0,0,0,0,0,0,0,0,0,0,0,0,0,0,0,0,0,0,0,0,23,245,199,0,0,0,213,38,0,0,0,0,0,0,0,0,0,0,0,0,0,0,0,0,0,0,0,0,112,245,51,0,0,0,107,163,5,0,0,0,0,0,0,0,0,0,0,0,0,0,0,0,0,0,0,16,225,236,0,0,0,0,34,242,35,0,0,0,0,0,0,0,0,0,0,0,0,0,0,0,0,0,0,72,254,163,0,0,0,0,0,222,71,0,0,0,0,0,0,0,0,0,0,0,0,0,0,0,0,0,0,124,253,59,0,0,0,0,0,137,187,2,0,0,0,0,0,0,0,0,0,0,0,0,0,0,0,0,0,183,227,0,0,0,0,0,0,35,242,44,0,0,0,0,0,0,0,0,0,0,0,0,0,0,0,0,29,240,201,0,0,0,0,0,0,0,220,44,0,0,0,0,0,0,0,0,0,0,0,0,0,0,0,0,44,254,139,0,0,0,0,0,0,0,219,44,0,0,0,0,0,0,0,0,0,0,0,0,0,0,0,0,44,254,139,0,0,0,0,0,0,0,219,44,0,0,0,0,0,0,0,0,0,0,0,0,0,0,0,0,44,254,139,0,0,0,0,0,0,11,226,44,0,0,0,0,0,0,0,0,0,0,0,0,0,0,0,0,44,254,110,0,0,0,0,0,0,114,246,36,0,0,0,0,0,0,0,0,0,0,0,0,0,0,0,0,44,254,151,0,0,0,0,0,42,240,155,0,0,0,0,0,0,0,0,0,0,0,0,0,0,0,0,0,9,210,227,0,0,0,0,17,221,221,19,0,0,0,0,0,0,0,0,0,0,0,0,0,0,0,0,0,0,57,247,59,0,0,46,228,216,36,0,0,0,0,0,0,0,0,0,0,0,0,0,0,0,0,0,0,0,10,179,249,184,184,254,221,11,0,0,0,0,0,0,0,0,0,0,0,0,0,0,0,0,0,0,0,0,0,18,172,254,193,139,3,0,0,0,0,0,0,0,0,0,0,0,0,0,0,0,0,0,0,0,0,0,0,0,0,0,0,0,0,0,0,0,0,0,0,0,0,0,0,0,0,0,0,0,0,0,0,0,0,0,0,0,0,0,0,0,0,0,0,0,0,0,0,0,0,0,0,0,0,0,0,0,0,0,0,0,0,0,0,0,0,0,0,0,0,0,0,0,0,0,0,0,0,0,0,0,0,0,0,0,0,0,0,0,0,0,0,0,0,0,0,0,0,0,0,0,0,0,0,0,0,0,0,0
1,0,0,0,0,0,0,0,0,0,0,0,0,0,0,0,0,0,0,0,0,0,0,0,0,0,0,0,0,0,0,0,0,0,0,0,0,0,0,0,0,0,0,0,0,0,0,0,0,0,0,0,0,0,0,0,0,0,0,0,0,0,0,0,0,0,0,0,0,0,0,0,0,0,0,0,0,0,0,0,0,0,0,0,0,0,0,0,0,0,0,0,0,0,0,0,0,0,0,0,0,0,0,0,0,0,0,0,0,0,0,0,0,0,0,0,0,0,0,0,0,0,0,0,0,0,0,111,255,147,6,0,0,0,0,0,0,0,0,0,0,0,0,0,0,0,0,0,0,0,0,0,0,0,0,111,253,252,44,0,0,0,0,0,0,0,0,0,0,0,0,0,0,0,0,0,0,0,0,0,0,0,0,111,253,252,44,0,0,0,0,0,0,0,0,0,0,0,0,0,0,0,0,0,0,0,0,0,0,0,0,111,253,218,21,0,0,0,0,0,0,0,0,0,0,0,0,0,0,0,0,0,0,0,0,0,0,0,0,134,253,186,0,0,0,0,0,0,0,0,0,0,0,0,0,0,0,0,0,0,0,0,0,0,0,0,27,231,253,147,0,0,0,0,0,0,0,0,0,0,0,0,0,0,0,0,0,0,0,0,0,0,0,0,78,252,253,77,0,0,0,0,0,0,0,0,0,0,0,0,0,0,0,0,0,0,0,0,0,0,0,0,144,252,233,30,0,0,0,0,0,0,0,0,0,0,0,0,0,0,0,0,0,0,0,0,0,0,0,0,187,252,220,0,0,0,0,0,0,0,0,0,0,0,0,0,0,0,0,0,0,0,0,0,0,0,0,0,187,252,220,0,0,0,0,0,0,0,0,0,0,0,0,0,0,0,0,0,0,0,0,0,0,0,0,0,188,253,159,0,0,0,0,0,0,0,0,0,0,0,0,0,0,0,0,0,0,0,0,0,0,0,0,0,139,252,187,0,0,0,0,0,0,0,0,0,0,0,0,0,0,0,0,0,0,0,0,0,0,0,0,0,187,252,177,0,0,0,0,0,0,0,0,0,0,0,0,0,0,0,0,0,0,0,0,0,0,0,0,0,187,252,111,0,0,0,0,0,0,0,0,0,0,0,0,0,0,0,0,0,0,0,0,0,0,0,0,29,230,252,111,0,0,0,0,0,0,0,0,0,0,0,0,0,0,0,0,0,0,0,0,0,0,0,0,45,252,252,72,0,0,0,0,0,0,0,0,0,0,0,0,0,0,0,0,0,0,0,0,0,0,0,0,145,252,252,5,0,0,0,0,0,0,0,0,0,0,0,0,0,0,0,0,0,0,0,0,0,0,0,0,88,252,252,198,47,0,0,0,0,0,0,0,0,0,0,0,0,0,0,0,0,0,0,0,0,0,0,0,31,232,252,243,53,0,0,0,0,0,0,0,0,0,0,0,0,0,0,0,0,0,0,0,0,0,0,0,0,139,252,125,0,0,0,0,0,0,0,0,0,0,0,0,0,0,0,0,0,0,0,0,0,0,0,0,0,0,0,0,0,0,0,0,0,0,0,0,0,0,0,0,0,0,0,0,0,0,0,0,0,0,0,0,0,0,0,0,0,0,0,0,0,0,0,0,0,0,0,0,0,0,0,0,0,0,0,0,0,0,0,0,0,0,0,0,0,0,0,0,0,0,0,0,0,0,0,0,0,0,0,0,0,0,0,0,0,0,0,0,0,0,0,0,0,0,0,0,0,0,0,0,0,0,0,0
0,0,0,0,0,0,0,0,0,0,0,0,0,0,0,0,0,0,0,0,0,0,0,0,0,0,0,0,0,0,0,0,0,0,0,0,0,0,0,0,0,0,0,0,0,0,0,0,0,0,0,0,0,0,0,0,0,0,0,0,0,0,0,0,0,0,0,0,0,0,0,0,0,0,0,0,0,0,0,0,0,0,0,0,0,0,0,0,0,0,0,0,0,0,0,0,0,0,0,0,0,0,0,0,0,0,0,0,0,0,0,0,0,0,0,0,0,0,0,0,0,0,0,0,0,0,0,0,0,0,0,0,0,0,0,0,0,0,0,0,0,0,0,0,0,0,0,0,0,0,0,0,0,0,0,0,0,0,0,0,0,0,0,0,0,0,0,0,0,0,0,0,0,0,0,0,0,0,0,0,0,0,0,0,0,93,95,95,95,188,198,194,95,17,0,0,0,0,0,0,0,0,0,0,0,0,0,0,0,0,0,44,224,254,254,254,254,254,254,254,231,43,0,0,0,0,0,0,0,0,0,0,0,0,0,0,0,0,73,229,254,254,254,254,254,213,171,243,254,184,0,0,0,0,0,0,0,0,0,0,0,0,0,0,0,69,251,254,254,212,46,20,20,11,0,165,254,212,0,0,0,0,0,0,0,0,0,0,0,0,0,0,41,228,254,254,185,2,0,0,0,0,0,187,254,255,0,0,0,0,0,0,0,0,0,0,0,0,0,71,238,254,254,202,19,0,0,0,0,0,60,250,254,162,0,0,0,0,0,0,0,0,0,0,0,0,33,196,254,254,225,34,0,0,0,0,0,0,94,254,254,82,0,0,0,0,0,0,0,0,0,0,0,2,176,255,254,251,57,0,0,0,0,0,0,12,207,254,230,27,0,0,0,0,0,0,0,0,0,0,15,175,254,254,202,34,0,0,0,0,0,0,0,168,254,248,77,0,0,0,0,0,0,0,0,0,0,0,30,241,254,254,196,0,0,0,0,0,0,0,31,218,254,248,37,0,0,0,0,0,0,0,0,0,0,33,243,254,250,153,4,0,0,0,0,0,0,36,222,254,226,77,2,0,0,0,0,0,0,0,0,0,17,218,254,254,192,0,0,0,0,0,0,15,89,118,200,211,54,0,0,0,0,0,0,0,0,0,0,0,48,254,254,254,69,0,0,0,0,7,73,198,254,247,122,51,0,0,0,0,0,0,0,0,0,0,0,0,122,254,254,195,6,0,0,20,79,157,254,254,222,213,50,0,0,0,0,0,0,0,0,0,0,0,0,0,194,254,254,246,229,229,229,236,254,250,110,86,41,12,0,0,0,0,0,0,0,0,0,0,0,0,0,0,124,254,254,254,254,254,254,254,254,196,21,0,0,0,0,0,0,0,0,0,0,0,0,0,0,0,0,0,69,178,254,254,254,254,250,244,112,14,0,0,0,0,0,0,0,0,0,0,0,0,0,0,0,0,0,0,0,0,90,94,94,94,50,0,0,0,0,0,0,0,0,0,0,0,0,0,0,0,0,0,0,0,0,0,0,0,0,0,0,0,0,0,0,0,0,0,0,0,0,0,0,0,0,0,0,0,0,0,0,0,0,0,0,0,0,0,0,0,0,0,0,0,0,0,0,0,0,0,0,0,0,0,0,0,0,0,0,0,0,0,0,0,0,0,0,0,0,0,0,0,0,0,0,0,0,0,0,0,0,0,0,0,0,0,0,0,0,0,0,0,0,0,0,0,0,0,0,0,0,0,0,0,0,0,0,0,0,0,0,0,0
1,0,0,0,0,0,0,0,0,0,0,0,0,0,0,0,0,0,0,0,0,0,0,0,0,0,0,0,0,0,0,0,0,0,0,0,0,0,0,0,0,0,0,0,0,0,0,0,0,0,0,0,0,0,0,0,0,0,0,0,0,0,0,0,0,0,0,0,0,0,0,0,0,0,0,0,0,0,0,0,0,0,0,0,0,0,0,0,0,0,0,0,0,0,0,0,0,0,0,0,0,0,0,0,0,0,0,0,0,0,0,0,0,0,0,0,0,0,0,0,0,0,0,0,0,0,0,0,0,0,0,0,0,0,0,0,0,0,0,0,0,0,0,0,0,0,0,0,0,0,0,0,0,0,0,0,14,186,137,0,0,0,0,0,0,0,0,0,0,0,0,0,0,0,0,0,0,0,0,0,0,0,0,0,141,253,167,0,0,0,0,0,0,0,0,0,0,0,0,0,0,0,0,0,0,0,0,0,0,0,0,0,224,253,78,0,0,0,0,0,0,0,0,0,0,0,0,0,0,0,0,0,0,0,0,0,0,0,0,53,254,219,6,0,0,0,0,0,0,0,0,0,0,0,0,0,0,0,0,0,0,0,0,0,0,0,0,173,254,135,0,0,0,0,0,0,0,0,0,0,0,0,0,0,0,0,0,0,0,0,0,0,0,0,10,209,255,136,0,0,0,0,0,0,0,0,0,0,0,0,0,0,0,0,0,0,0,0,0,0,0,0,85,253,249,88,0,0,0,0,0,0,0,0,0,0,0,0,0,0,0,0,0,0,0,0,0,0,0,0,204,253,165,0,0,0,0,0,0,0,0,0,0,0,0,0,0,0,0,0,0,0,0,0,0,0,0,13,237,253,98,0,0,0,0,0,0,0,0,0,0,0,0,0,0,0,0,0,0,0,0,0,0,0,0,79,253,253,23,0,0,0,0,0,0,0,0,0,0,0,0,0,0,0,0,0,0,0,0,0,0,0,0,176,254,133,0,0,0,0,0,0,0,0,0,0,0,0,0,0,0,0,0,0,0,0,0,0,0,0,10,211,253,58,0,0,0,0,0,0,0,0,0,0,0,0,0,0,0,0,0,0,0,0,0,0,0,0,20,253,253,58,0,0,0,0,0,0,0,0,0,0,0,0,0,0,0,0,0,0,0,0,0,0,0,0,20,253,253,58,0,0,0,0,0,0,0,0,0,0,0,0,0,0,0,0,0,0,0,0,0,0,0,0,20,253,253,58,0,0,0,0,0,0,0,0,0,0,0,0,0,0,0,0,0,0,0,0,0,0,0,0,20,254,254,58,0,0,0,0,0,0,0,0,0,0,0,0,0,0,0,0,0,0,0,0,0,0,0,0,20,253,219,9,0,0,0,0,0,0,0,0,0,0,0,0,0,0,0,0,0,0,0,0,0,0,0,0,20,253,213,0,0,0,0,0,0,0,0,0,0,0,0,0,0,0,0,0,0,0,0,0,0,0,0,0,9,211,235,32,0,0,0,0,0,0,0,0,0,0,0,0,0,0,0,0,0,0,0,0,0,0,0,0,0,71,230,36,0,0,0,0,0,0,0,0,0,0,0,0,0,0,0,0,0,0,0,0,0,0,0,0,0,0,0,0,0,0,0,0,0,0,0,0,0,0,0,0,0,0,0,0,0,0,0,0,0,0,0,0,0,0,0,0,0,0,0,0,0,0,0,0,0,0,0,0,0,0,0,0,0,0,0,0,0,0,0,0,0,0,0,0,0,0,0,0,0,0,0,0,0,0,0,0,0
0,0,0,0,0,0,0,0,0,0,0,0,0,0,0,0,0,0,0,0,0,0,0,0,0,0,0,0,0,0,0,0,0,0,0,0,0,0,0,0,0,0,0,0,0,0,0,0,0,0,0,0,0,0,0,0,0,0,0,0,0,0,0,0,0,0,0,0,0,0,0,0,0,0,0,0,0,0,0,0,0,0,0,0,0,0,0,0,0,0,0,0,0,0,0,0,0,0,0,0,0,0,0,0,0,0,0,0,0,0,0,0,0,0,0,0,0,0,0,0,0,0,0,0,0,0,0,0,0,0,0,0,0,0,0,0,0,0,0,0,0,0,0,0,0,0,0,0,0,0,0,0,36,222,253,253,139,118,24,15,0,0,0,0,0,0,0,0,0,0,0,0,0,0,0,0,0,0,0,89,219,252,252,252,253,252,252,219,161,43,0,0,0,0,0,0,0,0,0,0,0,0,0,0,0,0,85,222,252,252,252,252,253,252,252,252,252,247,67,0,0,0,0,0,0,0,0,0,0,0,0,0,0,0,210,253,252,252,252,252,253,252,252,252,252,253,202,25,0,0,0,0,0,0,0,0,0,0,0,0,0,43,240,253,252,252,157,137,137,117,137,252,252,253,252,121,0,0,0,0,0,0,0,0,0,0,0,0,7,160,253,255,228,32,0,0,0,0,0,145,253,255,253,184,0,0,0,0,0,0,0,0,0,0,0,0,70,252,252,253,206,0,0,0,0,0,0,34,238,253,252,183,0,0,0,0,0,0,0,0,0,0,0,0,70,252,252,253,206,0,0,0,0,0,0,26,236,253,252,183,0,0,0,0,0,0,0,0,0,0,0,0,112,252,252,253,112,0,0,0,0,0,0,93,252,253,252,183,0,0,0,0,0,0,0,0,0,0,0,0,184,252,252,253,92,0,0,0,0,0,0,93,252,253,252,130,0,0,0,0,0,0,0,0,0,0,0,0,185,253,253,255,154,0,0,0,0,0,0,93,253,255,253,69,0,0,0,0,0,0,0,0,0,0,0,0,111,252,252,253,206,0,0,0,0,0,13,174,252,253,244,56,0,0,0,0,0,0,0,0,0,0,0,0,70,252,252,253,219,19,0,0,0,45,172,252,252,253,123,0,0,0,0,0,0,0,0,0,0,0,0,0,44,236,252,253,252,111,0,0,62,236,252,252,252,192,17,0,0,0,0,0,0,0,0,0,0,0,0,0,0,155,252,253,252,215,21,53,243,252,252,252,252,11,0,0,0,0,0,0,0,0,0,0,0,0,0,0,0,43,241,255,253,253,159,191,255,253,253,245,73,0,0,0,0,0,0,0,0,0,0,0,0,0,0,0,0,0,230,253,252,252,252,252,253,252,240,79,0,0,0,0,0,0,0,0,0,0,0,0,0,0,0,0,0,0,63,222,252,252,252,252,253,252,100,0,0,0,0,0,0,0,0,0,0,0,0,0,0,0,0,0,0,0,0,138,252,252,252,252,245,139,13,0,0,0,0,0,0,0,0,0,0,0,0,0,0,0,0,0,0,0,0,13,96,221,252,147,73,0,0,0,0,0,0,0,0,0,0,0,0,0,0,0,0,0,0,0,0,0,0,0,0,0,0,0,0,0,0,0,0,0,0,0,0,0,0,0,0,0,0,0,0,0,0,0,0,0,0,0,0,0,0,0,0,0,0,0,0,0,0,0,0,0,0,0,0,0,0,0,0,0,0,0,0,0,0,0,0,0,0,0,0,0,0,0,0,0,0,0,0,0,0,0,0
1,0,0,0,0,0,0,0,0,0,0,0,0,0,0,0,0,0,0,0,0,0,0,0,0,0,0,0,0,0,0,0,0,0,0,0,0,0,0,0,0,0,0,0,0,0,0,0,0,0,0,0,0,0,0,0,0,0,0,0,0,0,0,0,0,0,0,0,191,191,0,0,0,0,0,0,0,0,0,0,0,0,0,0,0,0,0,0,0,0,0,0,0,0,0,0,255,255,191,0,0,0,0,0,0,0,0,0,0,0,0,0,0,0,0,0,0,0,0,0,0,0,0,0,255,255,255,0,0,0,0,0,0,0,0,0,0,0,0,0,0,0,0,0,0,0,0,0,0,0,0,0,255,255,255,0,0,0,0,0,0,0,0,0,0,0,0,0,0,0,0,0,0,0,0,0,0,0,0,0,255,255,255,0,0,0,0,0,0,0,0,0,0,0,0,0,0,0,0,0,0,0,0,0,0,0,0,0,128,255,255,0,0,0,0,0,0,0,0,0,0,0,0,0,0,0,0,0,0,0,0,0,0,0,0,0,64,255,255,64,0,0,0,0,0,0,0,0,0,0,0,0,0,0,0,0,0,0,0,0,0,0,0,0,0,191,255,128,0,0,0,0,0,0,0,0,0,0,0,0,0,0,0,0,0,0,0,0,0,0,0,0,0,128,255,255,0,0,0,0,0,0,0,0,0,0,0,0,0,0,0,0,0,0,0,0,0,0,0,0,0,128,255,255,128,0,0,0,0,0,0,0,0,0,0,0,0,0,0,0,0,0,0,0,0,0,0,0,0,128,255,255,191,0,0,0,0,0,0,0,0,0,0,0,0,0,0,0,0,0,0,0,0,0,0,0,0,128,255,255,255,191,0,0,0,0,0,0,0,0,0,0,0,0,0,0,0,0,0,0,0,0,0,0,0,128,255,255,255,255,0,0,0,0,0,0,0,0,0,0,0,0,0,0,0,0,0,0,0,0,0,0,0,0,64,64,255,255,191,0,0,0,0,0,0,0,0,0,0,0,0,0,0,0,0,0,0,0,0,0,0,0,0,0,128,255,255,128,0,0,0,0,0,0,0,0,0,0,0,0,0,0,0,0,0,0,0,0,0,0,0,0,0,255,255,255,64,0,0,0,0,0,0,0,0,0,0,0,0,0,0,0,0,0,0,64,255,255,255,255,255,255,255,255,255,64,0,0,0,0,0,0,0,0,0,0,0,0,0,0,0,0,0,128,255,255,255,255,255,255,255,255,255,255,0,0,0,0,0,0,0,0,0,0,0,0,0,0,0,0,0,64,255,255,255,255,255,255,255,255,255,255,128,0,0,0,0,0,0,0,0,0,0,0,0,0,0,0,0,0,64,128,128,128,128,128,255,255,255,128,0,0,0,0,0,0,0,0,0,0,0,0,0,0,0,0,0,0,0,0,0,0,0,0,0,0,0,0,0,0,0,0,0,0,0,0,0,0,0,0,0,0,0,0,0,0,0,0,0,0,0,0,0,0,0,0,0,0,0,0,0,0,0,0,0,0,0,0,0,0,0,0,0,0,0,0,0,0,0,0,0,0,0,0,0,0,0,0,0,0,0,0,0,0,0,0,0,0,0,0,0,0,0,0,0,0,0,0,0,0,0,0,0,0,0,0,0,0,0,0,0,0,0,0,0,0,0,0,0,0,0,0,0,0,0,0,0,0,0,0,0,0,0,0,0,0,0,0,0,0,0,0,0,0,0,0,0,0,0,0,0,0,0,0,0,0,0,0,0,0,0,0,0,0,0
0,0,0,0,0,0,0,0,0,0,0,0,0,0,0,0,0,0,0,0,0,0,0,0,0,0,0,0,0,0,0,0,0,0,0,0,0,0,0,0,0,0,0,0,0,0,0,0,0,0,0,0,0,0,0,0,0,0,0,0,0,0,0,0,0,0,0,0,0,0,0,0,0,0,0,0,0,0,0,0,0,0,0,0,0,0,0,0,0,0,0,0,0,0,0,0,0,0,0,0,0,0,0,0,0,0,0,0,0,0,0,0,0,0,0,0,0,0,0,0,0,0,0,0,24,91,91,88,0,0,0,0,0,0,0,0,0,0,0,0,0,0,0,0,0,0,0,0,0,0,0,10,184,253,253,251,117,139,180,48,8,0,0,0,0,0,0,0,0,0,0,0,0,0,0,0,0,0,21,187,253,253,253,253,253,253,253,253,177,83,0,0,0,0,0,0,0,0,0,0,0,0,0,0,5,114,208,253,253,253,253,253,253,253,253,253,253,240,102,2,0,0,0,0,0,0,0,0,0,0,0,0,33,253,253,253,253,253,253,253,253,253,253,253,253,253,253,95,0,0,0,0,0,0,0,0,0,0,4,50,182,253,253,253,253,222,252,253,253,253,253,253,253,253,253,193,18,0,0,0,0,0,0,0,0,0,17,253,253,253,253,253,217,44,111,114,167,253,253,253,253,253,253,253,89,0,0,0,0,0,0,0,0,0,60,253,253,253,253,253,144,0,0,0,9,152,253,253,253,253,253,253,89,0,0,0,0,0,0,0,0,0,180,253,253,253,253,253,24,0,0,0,0,10,98,223,253,253,253,253,89,0,0,0,0,0,0,0,0,30,204,253,253,253,237,81,1,0,0,0,0,0,0,33,213,253,253,253,249,0,0,0,0,0,0,0,0,202,253,253,253,253,203,0,0,0,0,0,0,0,0,0,131,253,253,253,253,0,0,0,0,0,0,0,0,254,253,253,253,253,139,0,0,0,0,0,0,0,0,0,131,253,253,253,253,0,0,0,0,0,0,0,0,254,253,253,253,253,40,0,0,0,0,0,0,0,0,21,143,253,253,253,253,0,0,0,0,0,0,0,0,254,253,253,253,253,40,0,0,0,0,0,0,0,53,227,253,253,253,253,253,0,0,0,0,0,0,0,0,255,253,253,253,253,181,42,42,42,42,47,205,205,227,253,253,253,253,253,120,0,0,0,0,0,0,0,0,254,253,253,253,253,253,253,253,253,253,253,253,253,253,253,253,253,253,214,43,0,0,0,0,0,0,0,0,197,236,253,253,253,253,253,253,253,253,253,253,253,253,253,253,240,100,23,0,0,0,0,0,0,0,0,0,0,85,253,253,253,253,253,253,253,253,253,253,253,253,253,176,82,0,0,0,0,0,0,0,0,0,0,0,0,1,15,37,179,193,253,253,253,253,253,253,246,179,152,8,0,0,0,0,0,0,0,0,0,0,0,0,0,0,0,0,0,18,89,89,89,89,89,89,81,0,0,0,0,0,0,0,0,0,0,0,0,0,0,0,0,0,0,0,0,0,0,0,0,0,0,0,0,0,0,0,0,0,0,0,0,0,0,0,0,0,0,0,0,0,0,0,0,0,0,0,0,0,0,0,0,0,0,0,0,0,0,0,0,0,0,0,0,0,0,0,0,0,0,0,0,0,0,0,0,0,0,0,0,0,0,0,0,0,0,0,0,0,0,0,0,0,0,0,0,0,0,0,0,0,0,0,0,0,0,0,0,0,0,0,0,0,0,0,0,0,0,0
1,0,0,0,0,0,0,0,0,0,0,0,0,0,0,0,0,0,0,0,0,0,0,0,0,0,0,0,0,0,0,0,0,0,0,0,0,0,0,0,0,0,0,0,0,0,0,0,0,0,0,0,0,0,0,0,0,0,0,0,0,0,0,0,0,0,0,0,0,0,0,0,0,0,0,0,0,0,0,0,0,0,0,0,0,0,0,0,0,0,0,0,0,0,0,0,0,0,0,0,0,0,0,0,0,0,0,0,0,0,0,0,0,0,0,0,0,0,0,0,0,0,0,0,0,0,0,0,0,0,0,0,0,0,0,0,0,0,0,0,0,0,0,0,0,0,0,0,0,0,0,0,0,0,0,0,0,0,0,0,0,0,0,0,0,0,0,0,0,0,0,0,0,114,0,0,0,0,0,0,0,0,0,0,0,0,0,0,0,57,168,114,0,0,0,0,0,0,0,0,0,0,0,0,0,0,0,0,0,0,0,0,0,0,0,0,57,141,253,254,139,0,0,0,0,0,0,0,0,0,0,0,0,0,0,0,0,0,0,0,0,0,0,57,224,253,251,253,138,0,0,0,0,0,0,0,0,0,0,0,0,0,0,0,0,0,0,0,0,0,57,255,253,254,253,170,0,0,0,0,0,0,0,0,0,0,0,0,0,0,0,0,0,0,0,0,0,57,224,253,251,253,138,56,0,0,0,0,0,0,0,0,0,0,0,0,0,0,0,0,0,0,0,29,85,255,253,255,196,114,0,0,0,0,0,0,0,0,0,0,0,0,0,0,0,0,0,0,0,0,0,197,251,253,251,196,28,0,0,0,0,0,0,0,0,0,0,0,0,0,0,0,0,0,0,0,0,29,197,254,253,254,196,0,0,0,0,0,0,0,0,0,0,0,0,0,0,0,0,0,0,0,0,0,0,197,251,253,251,196,28,0,0,0,0,0,0,0,0,0,0,0,0,0,0,0,0,0,0,0,0,86,253,254,253,254,196,0,0,0,0,0,0,0,0,0,0,0,0,0,0,0,0,0,0,0,0,0,0,197,251,253,251,196,28,0,0,0,0,0,0,0,0,0,0,0,0,0,0,0,0,0,0,0,0,29,197,255,253,226,168,0,0,0,0,0,0,0,0,0,0,0,0,0,0,0,0,0,0,0,0,0,0,197,251,253,251,168,0,0,0,0,0,0,0,0,0,0,0,0,0,0,0,0,0,0,0,0,0,86,253,255,253,226,168,0,0,0,0,0,0,0,0,0,0,0,0,0,0,0,0,0,0,0,0,0,0,197,251,253,251,168,0,0,0,0,0,0,0,0,0,0,0,0,0,0,0,0,0,0,0,0,0,29,197,254,253,226,56,0,0,0,0,0,0,0,0,0,0,0,0,0,0,0,0,0,0,0,0,0,0,28,196,253,251,56,0,0,0,0,0,0,0,0,0,0,0,0,0,0,0,0,0,0,0,0,0,0,0,0,0,0,0,0,0,0,0,0,0,0,0,0,0,0,0,0,0,0,0,0,0,0,0,0,0,0,0,0,0,0,0,0,0,0,0,0,0,0,0,0,0,0,0,0,0,0,0,0,0,0,0,0,0,0,0,0,0,0,0,0,0,0,0,0,0,0,0,0,0,0,0,0,0,0,0,0,0,0,0,0,0,0,0,0,0,0,0,0,0,0,0,0,0,0,0,0,0,0,0,0,0,0,0,0,0,0,0,0,0,0,0,0,0,0,0,0,0,0,0,0,0,0,0,0,0,0,0,0,0,0,0,0,0,0,0
0,0,0,0,0,0,0,0,0,0,0,0,0,0,0,0,0,0,0,0,0,0,0,0,0,0,0,0,0,0,0,0,0,0,0,0,0,0,0,0,0,0,0,0,0,0,0,0,0,0,0,0,0,0,0,0,0,0,0,0,0,0,0,0,0,0,0,0,0,0,0,0,0,0,0,0,0,0,0,0,0,0,0,0,0,0,0,0,0,0,0,0,0,0,0,0,0,0,0,0,77,255,174,0,0,0,0,0,0,0,0,0,0,0,0,0,0,0,0,0,0,0,0,0,0,0,0,0,160,254,250,115,0,0,0,0,0,0,0,0,0,0,0,0,0,0,0,0,0,0,0,0,0,0,0,66,228,254,254,199,5,0,0,0,0,0,0,0,0,0,0,0,0,0,0,0,0,0,0,0,0,0,7,171,251,187,254,254,98,0,0,0,0,0,0,0,0,0,0,0,0,0,0,0,0,0,0,0,0,0,116,254,196,1,148,254,181,0,0,0,0,0,0,0,0,0,0,0,0,0,0,0,0,0,0,0,0,26,212,253,79,0,21,245,202,2,0,0,0,0,0,0,0,0,0,0,0,0,0,0,0,0,0,0,0,177,254,161,0,0,0,156,254,65,0,0,0,0,0,0,0,0,0,0,0,0,0,0,0,0,0,0,183,253,200,18,0,0,0,131,254,149,0,0,0,0,0,0,0,0,0,0,0,0,0,0,0,0,0,70,252,254,68,0,0,0,0,68,254,193,0,0,0,0,0,0,0,0,0,0,0,0,0,0,0,0,5,216,254,155,4,0,0,0,0,68,254,125,0,0,0,0,0,0,0,0,0,0,0,0,0,0,0,0,157,254,245,62,0,0,0,0,0,68,254,125,0,0,0,0,0,0,0,0,0,0,0,0,0,0,0,24,239,254,114,0,0,0,0,0,0,105,254,125,0,0,0,0,0,0,0,0,0,0,0,0,0,0,1,177,254,222,28,0,0,0,0,0,2,189,253,60,0,0,0,0,0,0,0,0,0,0,0,0,0,0,65,254,254,110,0,0,0,0,0,0,109,254,200,0,0,0,0,0,0,0,0,0,0,0,0,0,0,0,211,254,221,3,0,0,0,0,0,60,251,236,53,0,0,0,0,0,0,0,0,0,0,0,0,0,0,0,214,254,74,0,0,0,0,0,29,215,254,168,0,0,0,0,0,0,0,0,0,0,0,0,0,0,0,0,214,254,81,0,0,0,0,31,213,254,198,17,0,0,0,0,0,0,0,0,0,0,0,0,0,0,0,0,205,254,232,117,29,111,132,228,254,209,16,0,0,0,0,0,0,0,0,0,0,0,0,0,0,0,0,0,44,228,254,254,254,254,254,247,196,39,0,0,0,0,0,0,0,0,0,0,0,0,0,0,0,0,0,0,0,41,164,226,254,202,164,55,0,0,0,0,0,0,0,0,0,0,0,0,0,0,0,0,0,0,0,0,0,0,0,0,0,0,0,0,0,0,0,0,0,0,0,0,0,0,0,0,0,0,0,0,0,0,0,0,0,0,0,0,0,0,0,0,0,0,0,0,0,0,0,0,0,0,0,0,0,0,0,0,0,0,0,0,0,0,0,0,0,0,0,0,0,0,0,0,0,0,0,0,0,0,0,0,0,0,0,0,0,0,0,0,0,0,0,0,0,0,0,0,0,0,0,0,0,0,0,0,0,0,0,0,0,0,0,0,0,0,0,0,0,0,0,0,0,0,0,0,0,0,0,0,0,0,0,0,0,0,0,0,0
1,0,0,0,0,0,0,0,0,0,0,0,0,0,0,0,0,0,0,0,0,0,0,0,0,0,0,0,0,0,0,0,0,0,0,0,0,0,0,0,0,0,0,0,0,0,0,0,0,0,0,0,0,0,0,0,0,0,0,0,0,0,0,0,0,0,0,0,0,0,0,0,0,0,0,0,0,0,0,0,0,0,0,0,0,0,0,0,0,0,0,0,0,0,0,0,0,0,0,0,0,0,0,0,0,0,0,0,0,0,0,0,0,0,0,0,0,0,0,0,0,0,0,0,0,0,0,0,0,255,191,0,0,0,0,0,0,0,0,0,0,0,0,0,0,0,0,0,0,0,0,0,0,0,0,0,64,255,255,128,0,0,0,0,0,0,0,0,0,0,0,0,0,0,0,0,0,0,0,0,0,0,0,0,191,255,255,128,0,0,0,0,0,0,0,0,0,0,0,0,0,0,0,0,0,0,0,0,0,0,0,128,255,255,255,64,0,0,0,0,0,0,0,0,0,0,0,0,0,0,0,0,0,0,0,0,0,0,0,191,255,255,128,0,0,0,0,0,0,0,0,0,0,0,0,0,0,0,0,0,0,0,0,0,0,0,0,255,255,255,128,0,0,0,0,0,0,0,0,0,0,0,0,0,0,0,0,0,0,0,0,0,0,0,191,255,255,255,64,0,0,0,0,0,0,0,0,0,0,0,0,0,0,0,0,0,0,0,0,0,0,0,255,255,255,191,0,0,0,0,0,0,0,0,0,0,0,0,0,0,0,0,0,0,0,0,0,0,0,0,255,255,255,0,0,0,0,0,0,0,0,0,0,0,0,0,0,0,0,0,0,0,0,0,0,0,0,128,255,255,255,0,0,0,0,0,0,0,0,0,0,0,0,0,0,0,0,0,0,0,0,0,0,0,0,191,255,255,191,0,0,0,0,0,0,0,0,0,0,0,0,0,0,0,0,0,0,0,0,0,0,0,64,255,255,255,64,0,0,0,0,0,0,0,0,0,0,0,0,0,0,0,0,0,0,0,0,0,0,0,128,255,255,191,0,0,0,0,0,0,0,0,0,0,0,0,0,0,0,0,0,0,0,0,0,0,0,0,128,255,255,128,0,0,0,0,0,0,0,0,0,0,0,0,0,0,0,0,0,0,0,0,0,0,0,0,255,255,255,128,0,0,0,0,0,0,0,0,0,0,0,0,0,0,0,0,0,0,0,0,0,0,0,0,255,255,255,64,0,0,0,0,0,0,0,0,0,0,0,0,0,0,0,0,0,0,0,0,0,0,0,128,255,255,255,0,0,0,0,0,0,0,0,0,0,0,0,0,0,0,0,0,0,0,0,0,0,0,0,255,255,255,128,0,0,0,0,0,0,0,0,0,0,0,0,0,0,0,0,0,0,0,0,0,0,0,64,255,255,255,0,0,0,0,0,0,0,0,0,0,0,0,0,0,0,0,0,0,0,0,0,0,0,0,128,255,191,128,0,0,0,0,0,0,0,0,0,0,0,0,0,0,0,0,0,0,0,0,0,0,0,0,0,0,0,0,0,0,0,0,0,0,0,0,0,0,0,0,0,0,0,0,0,0,0,0,0,0,0,0,0,0,0,0,0,0,0,0,0,0,0,0,0,0,0,0,0,0,0,0,0,0,0,0,0,0,0,0,0,0,0,0,0,0,0,0,0,0,0,0,0,0,0,0,0,0,0,0,0,0,0,0,0,0,0,0,0,0,0,0,0,0,0,0,0,0,0,0,0,0,0,0,0,0,0
0,0,0,0,0,0,0,0,0,0,0,0,0,0,0,0,0,0,0,0,0,0,0,0,0,0,0,0,0,0,0,0,0,0,0,0,0,0,0,0,0,0,0,0,0,0,0,0,0,0,0,0,0,0,0,0,0,0,0,0,0,0,0,0,0,0,0,0,0,0,0,0,0,0,0,0,0,0,0,0,0,0,0,0,0,0,0,0,0,0,0,0,0,0,0,0,0,0,0,0,0,0,0,0,0,0,0,0,0,0,0,0,0,0,0,0,0,0,0,0,0,0,0,0,0,0,0,0,0,0,0,0,0,0,0,0,0,0,0,0,0,0,0,0,0,0,0,0,0,0,0,0,15,21,34,82,144,144,144,134,34,34,3,0,0,0,0,0,0,0,0,0,0,0,0,0,0,0,15,153,210,224,253,253,254,253,253,253,253,253,178,26,0,0,0,0,0,0,0,0,0,0,0,0,0,0,10,82,154,124,253,253,198,180,171,249,232,188,253,227,55,0,0,0,0,0,0,0,0,0,0,0,0,0,0,0,1,112,253,195,53,3,2,10,8,4,69,245,130,3,0,0,0,0,0,0,0,0,0,0,0,0,0,20,113,253,178,50,0,0,0,0,0,0,8,219,253,33,0,0,0,0,0,0,0,0,0,0,0,0,0,137,253,253,66,0,0,0,0,0,0,0,8,180,253,71,0,0,0,0,0,0,0,0,0,0,0,1,108,240,243,65,6,0,0,0,0,0,0,0,1,150,253,95,0,0,0,0,0,0,0,0,0,0,0,42,253,253,160,0,0,0,0,0,0,0,0,0,7,210,253,191,0,0,0,0,0,0,0,0,0,0,31,218,253,154,6,0,0,0,0,0,0,0,0,0,12,253,253,143,0,0,0,0,0,0,0,0,0,30,167,253,181,31,0,0,0,0,0,0,0,0,0,39,118,253,220,81,0,0,0,0,0,0,0,0,0,178,254,232,0,0,0,0,0,0,0,0,0,0,0,90,254,255,91,5,0,0,0,0,0,0,0,0,101,230,227,75,0,0,0,0,0,0,0,0,0,6,91,204,253,253,170,10,0,0,0,0,0,0,0,0,101,253,193,4,0,0,0,0,0,0,0,0,0,71,253,253,253,173,12,0,0,0,0,0,0,0,0,0,246,253,100,1,0,0,0,0,0,0,0,6,66,240,253,246,77,4,0,0,0,0,0,0,0,0,0,0,206,253,92,0,0,0,0,0,0,0,32,79,235,253,217,129,0,0,0,0,0,0,0,0,0,0,0,0,254,253,44,0,0,0,0,0,0,78,231,253,253,111,19,0,0,0,0,0,0,0,0,0,0,0,0,0,201,253,149,6,8,12,16,122,155,251,248,165,89,1,0,0,0,0,0,0,0,0,0,0,0,0,0,0,71,240,253,202,219,253,253,253,253,166,44,0,0,0,0,0,0,0,0,0,0,0,0,0,0,0,0,0,0,124,240,253,253,253,182,156,66,9,0,0,0,0,0,0,0,0,0,0,0,0,0,0,0,0,0,0,0,0,27,33,33,33,3,0,0,0,0,0,0,0,0,0,0,0,0,0,0,0,0,0,0,0,0,0,0,0,0,0,0,0,0,0,0,0,0,0,0,0,0,0,0,0,0,0,0,0,0,0,0,0,0,0,0,0,0,0,0,0,0,0,0,0,0,0,0,0,0,0,0,0,0,0,0,0,0,0,0,0,0,0,0,0,0,0,0,0,0,0,0,0,0,0,0,0,0,0,0,0,0,0,0,0,0
1,0,0,0,0,0,0,0,0,0,0,0,0,0,0,0,0,0,0,0,0,0,0,0,0,0,0,0,0,0,0,0,0,0,0,0,0,0,0,0,0,0,0,0,0,0,0,0,0,0,0,0,0,0,0,0,0,0,0,0,0,0,0,0,0,0,0,0,0,0,0,0,0,0,0,0,0,0,0,0,0,0,0,0,0,0,0,0,0,0,0,0,0,0,0,0,0,0,0,0,0,0,0,0,0,0,0,0,0,0,0,0,0,0,0,0,0,0,0,0,0,0,0,0,0,0,0,0,0,0,0,0,0,0,0,0,0,0,0,0,0,0,0,0,0,0,0,0,0,0,0,0,0,0,0,30,203,195,0,0,0,0,0,0,0,0,0,0,0,0,0,0,0,0,0,0,0,0,0,0,0,0,0,114,248,98,0,0,0,0,0,0,0,0,0,0,0,0,0,0,0,0,0,0,0,0,0,0,0,0,32,241,230,0,0,0,0,0,0,0,0,0,0,0,0,0,0,0,0,0,0,0,0,0,0,0,0,0,70,253,162,0,0,0,0,0,0,0,0,0,0,0,0,0,0,0,0,0,0,0,0,0,0,0,0,0,162,254,80,0,0,0,0,0,0,0,0,0,0,0,0,0,0,0,0,0,0,0,0,0,0,0,0,0,212,211,4,0,0,0,0,0,0,0,0,0,0,0,0,0,0,0,0,0,0,0,0,0,0,0,0,43,254,206,0,0,0,0,0,0,0,0,0,0,0,0,0,0,0,0,0,0,0,0,0,0,0,0,0,93,254,173,0,0,0,0,0,0,0,0,0,0,0,0,0,0,0,0,0,0,0,0,0,0,0,0,0,93,254,115,0,0,0,0,0,0,0,0,0,0,0,0,0,0,0,0,0,0,0,0,0,0,0,0,0,93,254,115,0,0,0,0,0,0,0,0,0,0,0,0,0,0,0,0,0,0,0,0,0,0,0,0,0,93,254,115,0,0,0,0,0,0,0,0,0,0,0,0,0,0,0,0,0,0,0,0,0,0,0,0,0,93,254,115,0,0,0,0,0,0,0,0,0,0,0,0,0,0,0,0,0,0,0,0,0,0,0,0,0,93,254,115,0,0,0,0,0,0,0,0,0,0,0,0,0,0,0,0,0,0,0,0,0,0,0,0,0,93,254,115,0,0,0,0,0,0,0,0,0,0,0,0,0,0,0,0,0,0,0,0,0,0,0,0,0,84,254,156,0,0,0,0,0,0,0,0,0,0,0,0,0,0,0,0,0,0,0,0,0,0,0,0,0,0,254,173,0,0,0,0,0,0,0,0,0,0,0,0,0,0,0,0,0,0,0,0,0,0,0,0,0,0,255,207,0,0,0,0,0,0,0,0,0,0,0,0,0,0,0,0,0,0,0,0,0,0,0,0,0,0,120,206,0,0,0,0,0,0,0,0,0,0,0,0,0,0,0,0,0,0,0,0,0,0,0,0,0,0,70,206,0,0,0,0,0,0,0,0,0,0,0,0,0,0,0,0,0,0,0,0,0,0,0,0,0,0,45,165,0,0,0,0,0,0,0,0,0,0,0,0,0,0,0,0,0,0,0,0,0,0,0,0,0,0,0,0,0,0,0,0,0,0,0,0,0,0,0,0,0,0,0,0,0,0,0,0,0,0,0,0,0,0,0,0,0,0,0,0,0,0,0,0,0,0,0,0,0,0,0,0,0,0,0,0,0,0,0,0,0,0,0,0,0,0,0,0,0,0,0,0,0,0,0,0,0
0,0,0,0,0,0,0,0,0,0,0,0,0,0,0,0,0,0,0,0,0,0,0,0,0,0,0,0,0,0,0,0,0,0,0,0,0,0,0,0,0,0,0,0,0,0,0,0,0,0,0,0,0,0,0,0,0,0,0,0,0,0,0,0,0,0,0,0,0,0,0,0,0,0,0,0,0,0,0,0,0,0,0,0,0,0,0,0,0,0,0,0,0,0,0,0,0,0,0,0,0,0,0,0,0,0,0,0,0,0,0,0,0,0,0,0,0,0,0,0,0,0,0,0,0,0,0,0,0,43,153,214,232,119,15,0,0,0,0,0,0,0,0,0,0,0,0,0,0,0,0,0,0,0,0,102,210,245,253,253,253,254,190,26,0,0,0,0,0,0,0,0,0,0,0,0,0,0,0,0,0,6,121,247,254,253,239,190,89,174,253,120,0,0,0,0,0,0,0,0,0,0,0,0,0,0,0,0,0,138,253,253,222,151,4,0,0,7,206,250,46,0,0,0,0,0,0,0,0,0,0,0,0,0,0,0,76,251,253,187,9,0,0,0,0,0,113,253,169,0,0,0,0,0,0,0,0,0,0,0,0,0,0,39,241,254,254,100,9,0,0,0,0,0,0,209,254,30,0,0,0,0,0,0,0,0,0,0,0,0,0,241,253,227,160,253,58,0,0,0,0,0,0,164,253,47,0,0,0,0,0,0,0,0,0,0,0,0,145,254,253,89,20,89,0,0,0,0,0,0,0,142,253,104,0,0,0,0,0,0,0,0,0,0,0,22,229,254,194,4,0,0,0,0,0,0,0,0,0,164,253,104,0,0,0,0,0,0,0,0,0,0,0,163,253,236,27,0,0,0,0,0,0,0,0,0,0,164,253,38,0,0,0,0,0,0,0,0,0,0,55,254,254,132,0,0,0,0,0,0,0,0,0,0,8,241,248,26,0,0,0,0,0,0,0,0,0,0,182,253,235,0,0,0,0,0,0,0,0,0,0,0,100,253,190,0,0,0,0,0,0,0,0,0,0,66,248,253,82,0,0,0,0,0,0,0,0,0,0,0,134,252,60,0,0,0,0,0,0,0,0,0,0,169,253,253,30,0,0,0,0,0,0,0,0,0,0,28,212,167,0,0,0,0,0,0,0,0,0,0,18,235,253,213,4,0,0,0,0,0,0,0,0,0,0,170,235,19,0,0,0,0,0,0,0,0,0,0,61,254,254,227,13,0,0,0,0,0,0,0,0,0,93,255,120,0,0,0,0,0,0,0,0,0,0,0,105,253,253,253,30,0,0,0,0,0,0,0,0,24,239,254,102,0,0,0,0,0,0,0,0,0,0,0,105,253,226,228,196,0,0,0,0,0,0,0,68,202,253,173,3,0,0,0,0,0,0,0,0,0,0,0,105,253,245,69,133,0,0,0,0,40,120,181,250,245,142,18,0,0,0,0,0,0,0,0,0,0,0,0,52,178,178,143,31,0,0,27,132,175,188,253,178,64,0,0,0,0,0,0,0,0,0,0,0,0,0,0,0,0,0,0,0,0,0,0,0,0,0,0,0,0,0,0,0,0,0,0,0,0,0,0,0,0,0,0,0,0,0,0,0,0,0,0,0,0,0,0,0,0,0,0,0,0,0,0,0,0,0,0,0,0,0,0,0,0,0,0,0,0,0,0,0,0,0,0,0,0,0,0,0,0,0,0,0,0,0,0,0,0,0,0,0,0,0,0,0,0,0,0,0,0,0,0,0,0,0,0,0,0,0,0,0,0,0
1,0,0,0,0,0,0,0,0,0,0,0,0,0,0,0,0,0,0,0,0,0,0,0,0,0,0,0,0,0,0,0,0,0,0,0,0,0,0,0,0,0,0,0,0,0,0,0,0,0,0,0,0,0,0,0,0,0,0,0,0,0,0,0,0,0,0,0,0,0,0,0,0,0,0,0,0,0,0,0,0,0,0,0,0,0,0,0,0,0,0,0,0,0,0,0,0,0,0,0,0,0,0,0,0,0,0,0,0,0,0,0,0,0,0,0,0,0,0,0,0,0,0,0,0,0,0,0,0,0,255,64,0,0,0,0,0,0,0,0,0,0,0,0,0,0,0,0,0,0,0,0,0,0,0,0,0,191,255,128,0,0,0,0,0,0,0,0,0,0,0,0,0,0,0,0,0,0,0,0,0,0,0,0,128,255,255,128,0,0,0,0,0,0,0,0,0,0,0,0,0,0,0,0,0,0,0,0,0,0,0,0,128,255,255,255,0,0,0,0,0,0,0,0,0,0,0,0,0,0,0,0,0,0,0,0,0,0,0,0,128,255,255,128,0,0,0,0,0,0,0,0,0,0,0,0,0,0,0,0,0,0,0,0,0,0,0,0,191,255,255,128,0,0,0,0,0,0,0,0,0,0,0,0,0,0,0,0,0,0,0,0,0,0,0,191,255,255,255,0,0,0,0,0,0,0,0,0,0,0,0,0,0,0,0,0,0,0,0,0,0,0,0,255,255,255,64,0,0,0,0,0,0,0,0,0,0,0,0,0,0,0,0,0,0,0,0,0,0,0,0,255,255,255,0,0,0,0,0,0,0,0,0,0,0,0,0,0,0,0,0,0,0,0,0,0,0,0,128,255,255,255,0,0,0,0,0,0,0,0,0,0,0,0,0,0,0,0,0,0,0,0,0,0,0,0,191,255,255,191,0,0,0,0,0,0,0,0,0,0,0,0,0,0,0,0,0,0,0,0,0,0,0,64,255,255,255,64,0,0,0,0,0,0,0,0,0,0,0,0,0,0,0,0,0,0,0,0,0,0,0,128,255,255,191,0,0,0,0,0,0,0,0,0,0,0,0,0,0,0,0,0,0,0,0,0,0,0,0,191,255,255,128,0,0,0,0,0,0,0,0,0,0,0,0,0,0,0,0,0,0,0,0,0,0,0,64,255,255,255,128,0,0,0,0,0,0,0,0,0,0,0,0,0,0,0,0,0,0,0,0,0,0,0,191,255,255,255,0,0,0,0,0,0,0,0,0,0,0,0,0,0,0,0,0,0,0,0,0,0,0,0,255,255,255,255,0,0,0,0,0,0,0,0,0,0,0,0,0,0,0,0,0,0,0,0,0,0,0,0,255,255,255,191,0,0,0,0,0,0,0,0,0,0,0,0,0,0,0,0,0,0,0,0,0,0,0,0,255,255,255,0,0,0,0,0,0,0,0,0,0,0,0,0,0,0,0,0,0,0,0,0,0,0,0,0,64,255,191,0,0,0,0,0,0,0,0,0,0,0,0,0,0,0,0,0,0,0,0,0,0,0,0,0,0,0,0,0,0,0,0,0,0,0,0,0,0,0,0,0,0,0,0,0,0,0,0,0,0,0,0,0,0,0,0,0,0,0,0,0,0,0,0,0,0,0,0,0,0,0,0,0,0,0,0,0,0,0,0,0,0,0,0,0,0,0,0,0,0,0,0,0,0,0,0,0,0,0,0,0,0,0,0,0,0,0,0,0,0,0,0,0,0,0,0,0,0,0,0,0,0,0,0,0,0
0,0,0,0,0,0,0,0,0,0,0,0,0,0,0,0,0,0,0,0,0,0,0,0,0,0,0,0,0,0,0,0,0,0,0,0,0,0,0,0,0,0,0,0,0,0,0,0,0,0,0,0,0,0,0,0,0,0,0,0,0,0,0,0,0,0,0,0,0,0,0,0,0,0,0,0,0,0,0,0,0,0,0,0,0,0,0,0,0,0,0,0,0,0,0,0,0,0,0,0,0,0,0,0,0,0,0,0,0,0,0,0,0,0,0,0,0,0,0,0,0,0,0,0,0,0,0,0,0,0,0,0,0,0,0,0,0,0,0,0,0,0,0,0,0,0,0,0,0,0,0,0,0,0,0,0,0,7,33,182,155,17,3,0,0,0,0,0,0,0,0,0,0,0,0,0,0,0,0,0,0,0,0,35,108,165,254,254,254,254,32,0,0,0,0,0,0,0,0,0,0,0,0,0,0,0,0,0,0,9,34,212,254,254,254,254,254,254,205,179,10,0,0,0,0,0,0,0,0,0,0,0,0,0,0,0,69,158,254,254,254,254,254,254,254,254,254,178,125,44,0,0,0,0,0,0,0,0,0,0,0,0,0,75,237,254,254,254,254,254,254,254,254,254,254,254,206,32,0,0,0,0,0,0,0,0,0,0,0,19,140,237,254,254,254,254,254,254,254,254,254,254,254,254,213,41,0,0,0,0,0,0,0,0,0,0,28,91,254,254,254,254,254,233,188,188,195,254,254,254,254,254,248,82,0,0,0,0,0,0,0,0,0,0,108,254,254,254,254,254,254,71,0,0,10,98,225,254,254,254,254,191,0,0,0,0,0,0,0,0,0,17,251,254,254,254,254,190,7,1,0,0,0,0,6,135,254,254,254,147,0,0,0,0,0,0,0,0,0,129,254,254,254,254,159,61,0,0,0,0,0,80,173,216,254,254,206,85,0,0,0,0,0,0,0,0,100,210,254,254,254,171,70,0,0,0,0,39,100,170,254,254,254,254,161,55,0,0,0,0,0,0,0,0,149,254,254,254,242,143,0,7,25,25,137,215,254,254,254,254,249,230,14,0,0,0,0,0,0,0,0,0,181,254,254,254,187,94,64,152,254,254,254,254,254,254,254,254,122,0,0,0,0,0,0,0,0,0,0,0,198,254,254,254,254,245,233,254,255,254,254,254,254,254,221,128,6,0,0,0,0,0,0,0,0,0,0,0,177,254,254,254,254,254,254,254,254,254,254,254,242,123,24,0,0,0,0,0,0,0,0,0,0,0,0,0,112,254,254,254,254,254,254,254,254,236,197,132,29,0,0,0,0,0,0,0,0,0,0,0,0,0,0,0,38,106,168,254,254,254,254,254,254,76,0,0,0,0,0,0,0,0,0,0,0,0,0,0,0,0,0,0,0,0,7,37,180,180,90,15,15,1,0,0,0,0,0,0,0,0,0,0,0,0,0,0,0,0,0,0,0,0,0,0,0,0,0,0,0,0,0,0,0,0,0,0,0,0,0,0,0,0,0,0,0,0,0,0,0,0,0,0,0,0,0,0,0,0,0,0,0,0,0,0,0,0,0,0,0,0,0,0,0,0,0,0,0,0,0,0,0,0,0,0,0,0,0,0,0,0,0,0,0,0,0,0,0,0,0,0,0,0,0,0,0,0,0,0,0,0,0,0,0,0,0,0,0,0,0,0,0,0,0,0,0,0,0,0,0,0,0,0,0,0,0,0,0,0,0,0,0,0,0,0,0,0,0,0,0,0,0,0,0,0,0
